A0A067ZJ35	A0A067ZJ35
A0A068CDJ3	A0A068CDJ3
A0A068EMF8	A0A068EMF8
A0A068EPG8	A0A068EPG8
A0A075BSR2	A0A075BSR2
A0A076FH18	A0A076FH18
A0A076VAH8	A0A076VAH8
A0A088FRJ5	A0A088FRJ5
A0A097EWI5	A0A097EWI5
A0A097P136	A0A097P136
A0A0A7H9X5	A0A0A7H9X5
A0A0A7HAR4	A0A0A7HAR4
A0A0B5IW88	A0A0B5IW88
A0A0B5J7K0	A0A0B5J7K0
A0A0B5J7K0	A0A7S5UTB7
A0A0B5J873	A0A0B5J873
A0A0B5J8S8	A0A0B5J8S8
A0A0B5J975	A0A0B5J975
A0A0B5JBY9	A0A0B5JBY9
A0A0B5JEK5	A0A0B5JEK5
A0A0B5JEK5	A0A481Z6W6
A0A0B5JEK5	A0A514DD61
A0A0F6R5Q2	A0A0F6R5Q2
A0A0F6TH86	A0A0F6TH86
A0A0F6YQ80	A0A0F6YQ80
A0A0F7L2X8	A0A0F7L2X8
A0A0F7L3H4	A0A0F7L3H4
A0A0F7L3S9	A0A0F7L3S9
A0A0F7L3U3	A0A0F7L3U3
A0A0F7L4A7	A0A0F7L4A7
A0A0F7L4D3	A0A0F7L4D3
A0A0F7L4I7	A0A0F7L4I7
A0A0F7L563	A0A0F7L563
A0A0F7L675	A0A0F7L675
A0A0F7L6B4	A0A0F7L6B4
A0A0F7L6R0	A0A0F7L6R0
A0A0F7L7N7	A0A0F7L7N7
A0A0F7L8J7	A0A0F7L8J7
A0A0F7L8Z2	A0A0F7L8Z2
A0A0F7L981	A0A0F7L981
A0A0K1L7A3	A0A0K1L7A3
A0A0K8IWJ7	A0A0K8IWJ7
A0A0M4S2J1	A0A0M4S2J1
A0A0N7CD60	A0A0N7CD60
A0A0N7CPE3	A0A0N7CPE3
A0A0N9NK81	A0A0N9NK81
A0A0N9QAA0	A0A0N9QAA0
A0A0P0YMT5	A0A0P0YMT5
A0A125R922	A0A125R922
A0A142FGC9	A0A142FGC9
A0A165YEV4	A0A165YEV4
A0A172Q0R5	A0A172Q0R5
A0A190WHE6	A0A190WHE6
A0A1B0VMJ6	A0A1B0VMJ6
A0A1B0XUM4	A0A1B0XUM4
A0A1B0XUM4	A0A516LLH5
A0A1B1IPE7	A0A1B1IPE7
A0A1B1IQ75	A0A1B1IQ75
A0A1B1IRW9	A0A1B1IRW9
A0A1B1IUL2	A0A1B1IUL2
A0A1B1PEB7	A0A1B1PEB7
A0A1B2ITM5	A0A1B2ITM5
A0A1B5FM26	A0A1B5FM26
A0A1C3NFL1	A0A1C3NFL1
A0A1C8ZZ47	A0A1C8ZZ47
A0A1C8ZZ47	A0A068QKI9
A0A1C9C546	A0A1C9C546
A0A1C9C546	A0A2P1JUN7
A0A1C9C546	A0A6N1NJX6
A0A1D8KNL8	A0A1D8KNL8
A0A1D8KPF2	A0A1D8KPF2
A0A1J0MGY9	A0A1J0MGY9
A0A1L3IZS5	A0A1L3IZS5
A0A1L3KMJ9	A0A1L3KMJ9
A0A1L3KMJ9	A0A9E8MBD8
A0A1L7N1F1	A0A1L7N1F1
A0A1P8DIX4	A0A1P8DIX4
A0A1P8SW77	A0A1P8SW77
A0A1S5VFY0	A0A1S5VFY0
A0A1S5VFY0	A0A1V0SIF9
A0A1S5VYE1	A0A1S5VYE1
A0A1S6R5K7	A0A1S6R5K7
A0A1V0M8G7	A0A1V0M8G7
A0A1V0M8G7	A0A8K1XFD1
A0A1V0SAM1	A0A1V0SAM1
A0A1V0SDF0	A0A1V0SDF0
A0A1V0SDU6	A0A1V0SDU6
A0A1V0SF98	A0A1V0SF98
A0A1V0SF98	A0A1V0SA33
A0A1V0SFE9	A0A1V0SFE9
A0A1V0SJ19	A0A1V0SJ19
A0A1V0SJ19	A0A8S5SX48
A0A1V0SJ19	A0A1V0SHX5
A0A1V0SJ19	A0A873WGA9
A0A1V0SJ19	A0A516LL69
A0A1V0SJ19	A0A6J5SF38
A0A1V0SL47	A0A1V0SL47
A0A1V0SL47	A0A2P1GMZ2
A0A1W5VPJ7	A0A1W5VPJ7
A0A1W6G148	A0A1W6G148
A0A1W6JQQ4	A0A1W6JQQ4
A0A1X9VNW5	A0A1X9VNW5
A0A1X9VNW5	A0A5Q2W870
A0A1Y0SVW1	A0A1Y0SVW1
A0A1Z1NED9	A0A1Z1NED9
A0A1Z1NED9	U3PZA2
A0A218MKP5	A0A218MKP5
A0A222Z8C6	A0A222Z8C6
A0A222ZR48	A0A222ZR48
A0A290G6B1	A0A290G6B1
A0A290U429	A0A290U429
A0A290U429	A0A142K981
A0A290U429	A0A345MUS1
A0A290U429	A0A290U5F9
A0A290U429	A0A889IPU6
A0A290U429	S4VR21
A0A291S2F0	A0A291S2F0
A0A2D0Z3S3	A0A2D0Z3S3
A0A2D0ZP19	A0A2D0ZP19
A0A2D0ZP19	Q99CX4
A0A2D1GAS9	A0A2D1GAS9
A0A2D1GMM7	A0A2D1GMM7
A0A2D2W2K7	A0A2D2W2K7
A0A2D3I5I5	A0A2D3I5I5
A0A2D3I5Q0	A0A2D3I5Q0
A0A2D3I5R4	A0A2D3I5R4
A0A2D3I696	A0A2D3I696
A0A2D3I6D0	A0A2D3I6D0
A0A2D3I6G6	A0A2D3I6G6
A0A2D3I7A5	A0A2D3I7A5
A0A2H4J9T9	A0A2H4J9T9
A0A2H4P771	A0A2H4P771
A0A2H4PAZ9	A0A2H4PAZ9
A0A2H4PB83	A0A2H4PB83
A0A2H4PHE9	A0A2H4PHE9
A0A2H4PIY7	A0A2H4PIY7
A0A2H4QBB9	A0A2H4QBB9
A0A2H4ZKK4	A0A2H4ZKK4
A0A2H5BKI2	A0A2H5BKI2
A0A2H5BLQ1	A0A2H5BLQ1
A0A2H5BQC2	A0A2H5BQC2
A0A2H5BQC2	A0A1S5YGY0
A0A2H5BQC2	A0A811BNL2
A0A2I2L3U2	A0A2I2L3U2
A0A8S5VLK4	A0A8S5VLK4
A0A8S5VV45	A0A8S5VV45
A0A8T8JBF7	A0A8T8JBF7
A0A9E7QEX7	A0A9E7QEX7
A0A9E7QJH4	A0A9E7QJH4
A0A9E7TEM4	A0A9E7TEM4
A0A9E7TEM4	A0A076G709
A1YZR9	A1YZR9
A1Z011	A1Z011
A2PZW9	A2PZW9
A2PZW9	A2PZW3
A2Q0Q3	A2Q0Q3
A3QMI3	A3QMI3
A3QMI3	A0A7L7YSE3
A3RGH6	A3RGH6
A4JX45	A4JX45
A4L213	A4L213
A7ITT2	A7ITT2
A7ITT2	A0A7L8ZER3
A7ITV0	A7ITV0
A7IUB3	A7IUB3
A7IUS2	A7IUS2
A7IV94	A7IV94
A7IWH5	A7IWH5
A7IWY6	A7IWY6
A7J7I5	A7J7I5
A7K9C0	A7K9C0
A7K9C6	A7K9C6
A7K9F6	A7K9F6
A7K9R3	A7K9R3
A7K9R5	A7K9R5
A7KA84	A7KA84
A7RAJ2	A7RAJ2
A8W385	A8W385
B0FDY5	B0FDY5
B2YFY2	B2YFY2
B2YG58	B2YG58
B3VM64	B3VM64
B3VM64	A0A4D6T664
B8PQ63	B8PQ63
B8XLF5	B8XLF5
C1L3J6	C1L3J6
D3YHN2	D3YHN2
D4P7P0	D4P7P0
D5IEX9	D5IEX9
D6PGE6	D6PGE6
D6PH85	D6PH85
D6QY64	D6QY64
E5ES26	E5ES26
E5EYJ2	E5EYJ2
E7DBJ8	E7DBJ8
E8ZC17	E8ZC17
F1ADP4	F1ADP4
F1BUL9	F1BUL9
F1BUN0	F1BUN0
F2Y1N4	F2Y1N4
F2Y236	F2Y236
F2Y2Y1	F2Y2Y1
F4YXN8	F4YXN8
F4ZGQ5	F4ZGQ5
F8WPT3	F8WPT3
F8WPT3	M1PCD6
G1UCT9	G1UCT9
G3GN91	G3GN91
A0A6G5YAI9	A0A6G5YAI9
A0A6G5YC23	A0A6G5YC23
A0A6G5YFV5	A0A6G5YFV5
A0A6G5YMU4	A0A6G5YMU4
A0A6G6XJP3	A0A6G6XJP3
A0A6G6XUS8	A0A6G6XUS8
A0A6G6XVJ7	A0A6G6XVJ7
A0A6G6XXB8	A0A6G6XXB8
A0A6G6ZQB5	A0A6G6ZQB5
A0A6G8MY89	A0A6G8MY89
A0A6G8MY89	A0A1V0SL26
A0A6G8R5M8	A0A6G8R5M8
A0A6G9HER2	A0A6G9HER2
A0A6G9HES9	A0A6G9HES9
A0A6G9LDI7	A0A6G9LDI7
A0A6H1TH76	A0A6H1TH76
A0A6J4EK54	A0A6J4EK54
A0A6J5KGF0	A0A6J5KGF0
A0A6J5KGF0	A0A126G993
A0A6J5KI82	A0A6J5KI82
A0A6J5KK10	A0A6J5KK10
A0A6J5KR29	A0A6J5KR29
A0A6J5KX49	A0A6J5KX49
A0A6J5L005	A0A6J5L005
A0A6J5L4I2	A0A6J5L4I2
A0A6J5L5R3	A0A6J5L5R3
A0A6J5L7S0	A0A6J5L7S0
A0A6J5L7S0	A0A6J5SE45
A0A6J5L8I4	A0A6J5L8I4
A0A6J5LC54	A0A6J5LC54
A0A6J5LH17	A0A6J5LH17
A0A6J5LH17	A0A6M3YNT5
A0A6J5LT81	A0A6J5LT81
A0A6J5LU28	A0A6J5LU28
A0A6J5LXC9	A0A6J5LXC9
A0A6J5LZI3	A0A6J5LZI3
A0A6J5LZU8	A0A6J5LZU8
A0A6J5M0K9	A0A6J5M0K9
A0A6J5M4H6	A0A6J5M4H6
A0A481Z9N6	A0A481Z9N6
A0A482F4D1	A0A482F4D1
A0A482F4D1	B7FEJ3
A0A482ID79	A0A482ID79
A0A482IE37	A0A482IE37
A0A482JIM4	A0A482JIM4
A0A482JJR1	A0A482JJR1
A0A4D5XFN5	A0A4D5XFN5
A0A4D5XFN5	A0A1J0MVR7
A0A4D5XFN5	A0A5Q2WA70
A0A4D5XFN5	A0A8S5S5I2
A0A4D5ZI36	A0A4D5ZI36
A0A4D6DYF3	A0A4D6DYF3
A0A4D6E0K0	A0A4D6E0K0
A0A4D6EGS5	A0A4D6EGS5
A0A4D6EHH7	A0A4D6EHH7
A0A4P1QFI5	A0A4P1QFI5
A0A4P8W5Y3	A0A4P8W5Y3
A0A4P8W7Q6	A0A4P8W7Q6
A0A4P8W8M5	A0A4P8W8M5
A0A4Y1PW50	A0A4Y1PW50
A0A4Y5JUD7	A0A4Y5JUD7
A0A4Y5TPZ9	A0A4Y5TPZ9
A0A4Y5TRA8	A0A4Y5TRA8
A0A4Y5UXU2	A0A4Y5UXU2
A0A4Y5UXU2	A0A345BQ32
A0A513Q1G8	A0A513Q1G8
A0A513Q9S0	A0A513Q9S0
A0A513Q9S0	A0A142BZT1
A0A513Q9S0	A0A7G9V4H8
A0A513Q9S0	A0A1J0MD33
A0A513Q9S0	A0A514D7R9
A0A513Q9S0	A0A6J5NNJ9
A0A513Q9S0	A0A811BRQ1
A0A513Q9S0	Q9QP17
A0A513Q9S0	X5I3A3
A0A513QA52	A0A513QA52
A0A513QA86	A0A513QA86
A0A513QA86	A0A6G9W2L1
A0A513QA86	A0A6J5MGW7
A0A514A8S0	A0A514A8S0
A0A514AAP5	A0A514AAP5
A0A514CSK4	A0A514CSK4
A0A514CST4	A0A514CST4
A0A514D1I8	A0A514D1I8
A0A514D2U7	A0A514D2U7
A0A514D7W6	A0A514D7W6
A0A514DBK5	A0A514DBK5
A0A514DGR2	A0A514DGR2
A0A514DGR2	A0A1C8ET13
A0A514DGR2	A0A6V7BDV1
A0A514DGR2	A0A060AN89
A0A514DGR2	A0A8S5SB12
A0A516KXX9	A0A516KXX9
A0A516L5F5	A0A516L5F5
A0A516L9X8	A0A516L9X8
A0A516LDA5	A0A516LDA5
A0A516LHE3	A0A516LHE3
A0A516LHE3	A0A218M392
A0A516LHE3	H2BCZ3
A0A516LJB6	A0A516LJB6
A0A516LNX4	A0A516LNX4
A0A516LNX4	A0A516LLC6
A0A516LWV4	A0A516LWV4
A0A516LYM3	A0A516LYM3
A0A516MGQ2	A0A516MGQ2
A0A516MIS5	A0A516MIS5
A0A516MLF0	A0A516MLF0
A0A5B9N4H8	A0A5B9N4H8
A0A5B9N8F4	A0A5B9N8F4
A0A5C0PVM1	A0A5C0PVM1
A0A5C0PVM1	A0A7D5B9K6
A0A5C1D9V7	A0A5C1D9V7
A0A5C1K3T9	A0A5C1K3T9
A0A5C1K3T9	A0A6J7X4I9
A0A5C1K3T9	A0A1S5V0E1
A0A5C1K3T9	A0A7G7FCT9
A0A2I6SBT0	A0A2I6SBT0
A0A2I6TDN0	A0A2I6TDN0
A0A2I7QK01	A0A2I7QK01
A0A2I7QK01	A0A076VCT3
A0A2I7QK01	A0A0B5JBH2
A0A2I7QK01	A0A0F7L858
A0A2I7QK01	A0A0K1TPB3
A0A2I7QK01	A0A0K1Y7M9
A0A2I7QK01	A0A1B0Z7V2
A0A2I7QK01	A0A1L5JGR3
A0A2I7QK01	A0A1S5VF16
A0A2I7QK01	A0A1V0SAR4
A0A2I7QK01	A0A2I2L4Z0
A0A2I7QK01	A0A2I7RRQ0
A0A2I7QK01	A0A2L1GIG5
A0A2I7QK01	A0A2U8T517
A0A2I7QK01	A0A2Z5U7F7
A0A2I7QK01	A0A345MWJ6
A0A2I7QK01	A0A345MZB9
A0A2I7QK01	A0A385E3E0
A0A2I7QK01	A0A3G5A3Z7
A0A2I7QK01	A0A3G5A4B0
A0A2I7QK01	A0A3G5AHX4
A0A2I7QK01	A0A5B9N6V1
A0A2I7QK01	A0A5J6VJS6
A0A2I7QK01	A0A5K0U6V2
A0A2I7QK01	A0A6J7WTY5
A0A2I7QK01	A0A6N1NLJ7
A0A2I7QK01	A0A858NI11
A0A2I7QK01	A0A873WEF3
A0A2I7QK01	A0A8S5MF86
A0A2I7QK01	A0A8S5RSR1
A0A2I7QK01	A0A8S5TPC3
A0A2I7QK01	A7J7N2
A0A2I7QK01	B8XB50
A0A2I7QK01	I6TKB7
A0A2I7QK01	J2YW80
A0A2I7QK01	M1HHN7
A0A2I7QK01	M1HWL9
A0A2I7QK01	M1HX01
A0A2I7QK01	O70647
A0A2I7QK01	Q0GGW6
A0A2I7QK01	Q65548
A0A2I7QK01	UPI001E7F0AC8
A0A2I7QK01	V5LNT2
A0A2I7QR38	A0A2I7QR38
A0A2I7R5V8	A0A2I7R5V8
A0A2I7RBG1	A0A2I7RBG1
A0A2I7RBG1	A0A218MKF4
A0A2I7RBG1	G3MBB4
A0A2I7RKN5	A0A2I7RKN5
A0A2I7RYF5	A0A2I7RYF5
A0A2I7RYH6	A0A2I7RYH6
A0A2I7S093	A0A2I7S093
A0A2K9VHV0	A0A2K9VHV0
A0A2K9VSF9	A0A2K9VSF9
A0A2L1FE84	A0A2L1FE84
A0A2L2DP39	A0A2L2DP39
A0A2L2Q9H8	A0A2L2Q9H8
A0A2L2QBU3	A0A2L2QBU3
A0A2P0N9U5	A0A2P0N9U5
A0A2P0VNQ4	A0A2P0VNQ4
A0A2P0VNQ4	A0A2I7SAM5
A0A2P0VNQ4	A0A345MND3
A0A2P0VNQ4	A0A481YXU7
A0A2P0VNQ4	F2Y1H0
A0A2P0VNQ4	A0A8S5PZ39
A0A2P0VNQ4	A0A8S5VQY2
A0A2P1GNG2	A0A2P1GNG2
A0A2P1GNG2	A0A2P1GNA7
A0A2P1GNG2	A0A514TRU7
A0A2P1GNG2	A0A345MRS9
A0A2P1GNG2	A0A8K1U255
A0A2P1GNG2	A0A3G4ZZF8
A0A2P1GNG2	A0A8S5LRY3
A0A2P1GNI2	A0A2P1GNI2
A0A2P1GNX3	A0A2P1GNX3
A0A2P1GNX3	A0A0A1E7E7
A0A2P1HA13	A0A2P1HA13
A0A2P1JRK0	A0A2P1JRK0
A0A2P1N089	A0A2P1N089
A0A2R2XF82	A0A2R2XF82
A0A2R4SC63	A0A2R4SC63
A0A2R4UKI4	A0A2R4UKI4
A0A2R8FFR7	A0A2R8FFR7
A0A2S0SZ38	A0A2S0SZ38
A0A2S0SZ38	A0A482MW97
A0A2S1FYN1	A0A2S1FYN1
A0A2S1FYN1	A0A1U9IRR6
A0A2S1FYN1	UPI001E7744B2
A0A2S1GLS3	A0A2S1GLS3
A0A2U7NJI5	A0A2U7NJI5
A0A2U7U9S5	A0A2U7U9S5
A0A2U7UBT9	A0A2U7UBT9
A0A2U7UD14	A0A2U7UD14
A0A2U7UDI6	A0A2U7UDI6
A0A2U7UET6	A0A2U7UET6
A0A2Z4H7Z5	A0A2Z4H7Z5
A0A2Z4Q479	A0A2Z4Q479
A0A345AYQ5	A0A345AYQ5
A0A345BQT7	A0A345BQT7
A0A345BRF5	A0A345BRF5
A0A345MLN9	A0A345MLN9
A0A345MN34	A0A345MN34
A0A345MPH1	A0A345MPH1
A0A345MR81	A0A345MR81
A0A345MS63	A0A345MS63
A0A345MUK2	A0A345MUK2
A0A345MUK2	A0A2H4T2R0
A0A345MUV8	A0A345MUV8
A0A345MVZ6	A0A345MVZ6
A0A345MXJ6	A0A345MXJ6
A0A345MY82	A0A345MY82
A0A345MYY9	A0A345MYY9
A0A345N3B1	A0A345N3B1
A0A345N3Z4	A0A345N3Z4
A0A345N4A1	A0A345N4A1
A0A345N4R4	A0A345N4R4
A0A345N5G4	A0A345N5G4
A0A345N778	A0A345N778
A0A346FDA4	A0A346FDA4
A0A346I7J1	A0A346I7J1
A0A384UGZ4	A0A384UGZ4
A0A384WWT1	A0A384WWT1
A0A384WWT1	A0A3G5AB61
A0A384ZS77	A0A384ZS77
A0A385DTB9	A0A385DTB9
A0A385E2U9	A0A385E2U9
A0A385E6B2	A0A385E6B2
A0A385UEB1	A0A385UEB1
A0A385XTT8	A0A385XTT8
A0A3G2KJ71	A0A3G2KJ71
A0A3G2YTF0	A0A3G2YTF0
A0A3G2YTL9	A0A3G2YTL9
A0A3G3BWK5	A0A3G3BWK5
A0A3G3MBV7	A0A3G3MBV7
A0A3G4ZKF6	A0A3G4ZKF6
A0A3G4ZP55	A0A3G4ZP55
A0A3G4ZPQ9	A0A3G4ZPQ9
A0A3G4ZQ02	A0A3G4ZQ02
A0A3G4ZSK2	A0A3G4ZSK2
A0A3G4ZSK2	A0A6G5Y167
A0A3G4ZT05	A0A3G4ZT05
A0A3G4ZUR5	A0A3G4ZUR5
A0A3G4ZUT7	A0A3G4ZUT7
A0A3G4ZUT7	A0A5S9BZ72
A0A3G4ZUT7	Q7Y585
A0A3G4ZUT7	A0A7G8LFL7
A0A3G4ZUT7	A0A516LWY9
A0A3G4ZUT7	G8DGM1
A0A3G4ZW51	A0A3G4ZW51
A0A3G4ZXW4	A0A3G4ZXW4
A0A3G4ZXW4	D6PGB3
A0A3G5A083	A0A3G5A083
A0A3G5A6N2	A0A3G5A6N2
Q45PU9	Q45PU9
Q52UP1	Q52UP1
Q56EH0	Q56EH0
Q66048	Q66048
Q67052	Q67052
Q69106	Q69106
Q69242	Q69242
Q6KF16	Q6KF16
Q6KGE3	Q6KGE3
Q6KGF5	Q6KGF5
Q6VSY0	Q6VSY0
Q6XM65	Q6XM65
Q71TE5	Q71TE5
Q7T9Y8	Q7T9Y8
Q7Y5I7	Q7Y5I7
Q7Y5L6	Q7Y5L6
Q83105	Q83105
Q84434	Q84434
Q84536	Q84536
Q84545	Q84545
Q854W0	Q854W0
Q8H9Y6	Q8H9Y6
Q8JS36	Q8JS36
Q8QS76	Q8QS76
Q8SC40	Q8SC40
Q8SC75	Q8SC75
Q8UZJ9	Q8UZJ9
Q8V9R8	Q8V9R8
Q8VAB7	Q8VAB7
Q8VBE0	Q8VBE0
Q91BC9	Q91BC9
Q91BC9	A0A0F7L8V0
Q91BC9	A0A3G4ZUJ3
Q91BC9	A0A1V0SAX2
Q91BC9	A0A1V0SHS3
Q91BC9	A0A2L2DIJ7
Q91BC9	A0A3G4ZZZ1
Q91BC9	A0A3G5A0J0
Q91BC9	A0A3G5A1H6
Q91BC9	A0A481Z4X6
Q91BC9	A0A7G9U8P5
Q91BC9	A0A8F8X6J1
Q91BC9	H2EF34
Q91BC9	Q83084
Q91BC9	A0A6J5NWR7
Q91BC9	A0A7S5RJH0
Q91EQ2	Q91EQ2
Q91G89	Q91G89
Q91G95	Q91G95
Q94MU6	Q94MU6
Q94MU6	A0A075DXC8
Q94MU6	A0A0D3MT87
Q99H51	Q99H51
Q9DW36	Q9DW36
Q9E4B7	Q9E4B7
Q9E8W8	Q9E8W8
Q9IR89	Q9IR89
Q9PZ46	Q9PZ46
Q9T1S3	Q9T1S3
R4IFA0	R4IFA0
R4TM70	R4TM70
R9RHA6	R9RHA6
R9RZ79	R9RZ79
R9TQH4	R9TQH4
R9TQH4	A0A0A0Q0P5
R9TQH4	A0A0C5ANA3
R9TQH4	A0A0G2TPE0
R9TQH4	A0A1C9EHK7
R9TQH4	A0A2I6SCN7
R9TQH4	A0A345MVI9
R9TQH4	A0A3G1EV89
R9TQH4	A0A7G9V4L5
R9TQH4	A0A875J7D7
R9TQH4	A0A8S5TCF2
R9VX76	R9VX76
S4VP33	S4VP33
S4VP33	A0A0B5J640
S4VP33	F2Y1Y0
S4VP33	G9I055
S4VW82	S4VW82
S5DMQ9	S5DMQ9
S5MPW2	S5MPW2
S5VMA1	S5VMA1
S5VMA1	A0A0U2UI09
S6ATU7	S6ATU7
T2C5F8	T2C5F8
T2C5F8	A0A6N1NID7
T2C5F8	A0A8S0HZW2
U3GV66	U3GV66
U5NIS9	U5NIS9
U5NIS9	A0A7D3V5V9
U5NIS9	A0A8S5SPW7
U5NIS9	Q5UQV9
U5XK27	U5XK27
U5XNC4	U5XNC4
UPI000009AE93	UPI000009AE93
UPI000009AE93	A0A4D6BMK1
UPI000009AE93	A0A6J5L6K4
A0A3G5AFV1	A0A3G5AFV1
A0A3G5AGB6	A0A3G5AGB6
A0A3G5AGD6	A0A3G5AGD6
A0A3G5AH98	A0A3G5AH98
A0A3G5AJZ0	A0A3G5AJZ0
A0A3G5BHE1	A0A3G5BHE1
A0A3G8FID9	A0A3G8FID9
A0A3Q8Q3U2	A0A3Q8Q3U2
A0A3Q8Q3U2	A0A7D3QUS5
A0A3Q8Q3U2	A0A386K979
A0A3Q8Q3U2	A0A6J5M302
A0A3Q8Q3U2	A0A8S5SMU3
A0A3Q8Q3U2	E3T517
A0A3Q8Q3U2	A0A6J5SCN4
A0A3Q8Q3U2	A0A3G5A6A6
A0A3Q8Q3U2	A0A3G5A480
A0A3Q8Q3U2	A0A5Q2F0I6
A0A3Q8Q3U2	A0A0E3HFM5
A0A3Q8Q3U2	A0A1V0SAC3
A0A3Q8Q3U2	A0A218M8R0
A0A3Q8Q3U2	A0A2H4UTM2
A0A3Q8Q3U2	A0A2I2L5X1
A0A3Q8Q3U2	A0A6J5LLV3
A0A3Q8Q3U2	A0A6J5LTW8
A0A3Q8Q3U2	A0A6J5N295
A0A3Q8Q3U2	A0A6J5SK91
A0A3Q8Q3U2	A0A7D3UT80
A0A3Q8Q3U2	A0A8S5PPT3
A0A3Q8Q3U2	A0A6G6XN89
A0A3Q8Q3U2	M4QST4
A0A3Q8Q3U2	A0A8S5RW13
A0A3Q8Q3U2	A0A5J6VM96
A0A3Q8Q3U2	A0A2H4UUJ1
A0A3Q8Q3U2	A0A1V0SE67
A0A3Q8Q3U2	B2ZYD8
A0A3Q8Q3U2	A0A3G5A344
A0A3Q8Q3U2	A0A1V0SAJ1
A0A3Q8Q3U2	E3T516
A0A3Q8Q3U2	A0A481Z534
A0A3Q8Q3U2	A0A5K0U8N8
A0A3Q8Q3U2	A0A6G6AAM5
A0A3Q8Q3U2	A0A516KWN1
A0A3Q8Q3U2	K7YEL3
A0A3Q8Q3U2	M1HTG7
A0A3Q8Q3U2	A0A6J5MI71
A0A3Q8Q3U2	G8DGU9
A0A3Q8Q3U2	Q8QNI9
A0A3Q8Q3U2	UPI001FBC14AE
A0A3Q8Q3U2	A0A142EZR1
A0A3Q8Q3U2	A0A516LPJ5
A0A3Q8Q3U2	A0A159B7X0
A0A3Q8Q3U2	A0A8F2DCD3
A0A3Q8Q3U2	A0A5P8D8M7
A0A3Q8Q3U2	A0A6J7XBW3
A0A3Q8Q3U2	A0A8S5LEX1
A0A3Q8Q3U2	A0A8S5VQZ1
A0A3Q8Q3U2	B2ZYD6
A0A3Q8Q3U2	Q6XM73
A0A3Q8Q3U2	A0A1V0SE25
A0A3Q8Q3U2	A0A1V0SJD8
A0A3Q8Q3U2	A0A6J5RRZ1
A0A3Q8Q3U2	A0A6J5QD79
A0A3Q8Q3U2	A0A6J7X0W5
A0A3Q8Q3U2	Q6J7Z7
A0A3Q8Q3U2	M4QP98
A0A3Q8Q3U2	A0A7D3USW8
A0A3Q8Q3U2	A0A2H4UUT1
A0A3Q8Q3U2	A0A0P0YM44
A0A3Q8Q3U2	A0A0P0YNC5
A0A3Q8Q3U2	A0A2N9QVY2
A0A3Q8Q3U2	A0A3G5AIA8
A0A3Q8Q3U2	A0A4D6E2K3
A0A3Q8Q3U2	A0A516LSB6
A0A3Q8Q3U2	A0A5K0U8L4
A0A3Q8Q3U2	A0A6J5NR15
A0A3Q8Q3U2	A0A6J5Q2P1
A0A3Q8Q3U2	A0A6N1NGR4
A0A3Q8Q3U2	A0A7D3QUP9
A0A3Q8Q3U2	A0A7G8LFL5
A0A3Q8Q3U2	A0A7M3UNJ6
A0A3Q8Q3U2	D4N7N2
A0A3Q8Q3U2	E3T4Q8
A0A3Q8Q3U2	A0A5J6VMM9
A0A3Q8Q3U2	A0A1V0SBR2
A0A3Q8Q3U2	A0A5B8HVT1
A0A3Q8Q3U2	A0A6G6XP42
A0A3Q8Q3U2	R4THE7
A0A3Q8Q3U2	A0A6J5M0F1
A0A3Q8Q3U2	A0A3G4ZPF4
A0A3Q8Q3U2	A0A8D9C9X8
A0A3Q8Q3U2	A0A6J5ME36
A0A3Q8Q3U2	A0A6J5N1A0
A0A3Q8Q3U2	A0A6J7X2P3
A0A3Q8Q3U2	A0A879R2A6
A0A3Q8Q3U2	A0A6J5PP54
A0A3Q8Q3U2	A0A0F7L6X9
A0A3Q8Q3U2	A0A345BQA1
A0A3Q8Q3U2	A0A6J5QSU2
A0A3Q8Q3U2	J3IZ65
A0A3Q8Q3U2	A0A6J7WK42
A0A3Q8Q3U2	A0A6J5T9P3
A0A3Q8Q3U2	A0A6J7WNN0
A0A3Q8Q3U2	A0A0N9QZS9
A0A3Q8Q3U2	V9TGM9
A0A3Q8Q3U2	A0A097P924
A0A3Q8Q3U2	A0A1V0S8C9
A0A3Q8Q3U2	A0A2Z5UZR0
A0A3Q8Q3U2	A0A481TX30
A0A3Q8Q3U2	A0A481Z2T2
A0A3Q8Q3U2	G3GPK7
A0A3Q8Q3U2	O39500
A0A3Q8Q3U2	Q8B9E8
A0A3Q8Q3U2	Q9PYP9
A0A3Q8Q3U2	A0A481YZG5
A0A3Q8Q3U2	A0A5J6VLB6
A0A3Q8Q3U2	A0A076FM45
A0A3Q8Q3U2	A0A6N1NQZ0
A0A3Q8Q3U2	F2Y2P4
A0A3Q8Q3U2	A0A6G8MYH0
A0A3Q8Q3U2	A0A2R8FDW0
A0A3Q8Q3U2	A0A5B8IIG2
A0A3Q8Q3U2	A0A5B8IHC8
A0A3Q8Q3U2	A0A7M3UPB5
A0A3Q8Q3U2	A0A6J5L5D8
A0A3Q8Q3U2	A0A1C9C4Z3
A0A3Q8Q3U2	A0A6J5LAK2
A0A3Q8Q3U2	A0A6J5NV74
A0A3Q8Q3U2	A0A6J5P4D7
A0A3Q8Q3U2	A0A6J5L916
A0A3Q8Q3U2	A0A6J5LVR8
A0A3Q8Q3U2	A0A0P0YN76
A0A3Q8Q3U2	A0A6G6XIK1
A0A3Q8Q3U2	A0A6J5KR77
A0A3Q8Q3U2	A0A6J5R9B1
A0A3Q8Q3U2	A0A6J5LJF5
A0A3Q8Q3U2	A0A6J5NPS3
A0A3Q8Q3U2	A0A2H4UTF5
A0A3Q8Q3U2	A0A5J6VKF9
A0A3Q8Q3U2	A0A6J5RZZ3
A0A3Q8Q3U2	A0A5J6VI89
A0A3Q8Q3U2	A0A6J5SW30
A0A3Q8Q3U2	A0A2P0VMU2
A0A3Q8Q3U2	A0A481YRQ5
A0A3Q8Q3U2	A0A1P8DJL0
A0A3Q8Q3U2	A0A5K0U857
A0A3Q8Q3U2	A0A879R473
A0A3Q8Q3U2	A0A5J6VMD2
A0A3Q8Q3U2	A0A6J5L7R5
A0A3Q8Q3U2	A0A6J5LJT2
A0A3Q8Q3U2	A0A6J7WMU2
A0A3Q8Q3U2	A0A6J5LCB6
A0A3Q8Q3U2	A0A6J5TC28
A0A3Q8Q3U2	S5WBW8
A0A3Q8Q3U2	A0A0F7L1S0
A0A3Q8Q3U2	A0A6J7WTC2
A0A3Q8Q3U2	A0A0K0N728
A0A3Q8Q3U2	A0A1B1ISK0
A0A3Q8Q3U2	A0A482ICV6
A0A3Q8Q3U2	A0A6J5MF54
A0A3Q8Q3U2	A0A6J5NJ84
A0A3Q8Q3U2	A0A3G5AHS7
A0A3Q8Q3U2	A0A2D1GNC9
A0A3Q8Q3U2	A0A2H4UV05
A0A3Q8Q3U2	A0A2I7SAT8
A0A3Q8Q3U2	A0A3G4ZUR9
A0A3Q8Q3U2	A0A3G5ALK2
A0A3Q8Q3U2	A0A516MNB1
A0A3Q8Q3U2	A0A565DAW7
A0A3Q8Q3U2	A0A8S5U965
A0A3Q8Q3U2	Q9FZR1
A0A3Q8Q3U2	A0A6J7WTF1
A0A3Q8Q3U2	A0A6J7WYQ0
A0A3Q8Q3U2	A0A6B9J8D5
A0A3Q8Q3U2	A0A3G5ABP7
A0A3Q8Q3U2	A0A7S6SVX9
A0A3Q8Q3U2	A0A0Y0LT40
A0A3Q8Q3U2	A0A510E871
A0A3Q8Q3U2	A0A6J7WZU6
A0A3Q8Q3U2	A0A0E3F4H3
A0A3Q8Q3U2	A0A6J5MDG2
A0A3Q8Q3U2	A0A6J7WLA8
A0A3Q8Q3U2	A0A7L9AXF5
A0A3Q8Q3U2	A0A481ZDC9
A0A3Q8Q3U2	A0A8D9CCP6
A0A3Q8Q3U2	A0A6J5QMH6
A0A3Q8Q3U2	A0A481YSY8
A0A3Q8Q3U2	A0A6J5L7D4
A0A3Q8Q3U2	A0A6J5M782
A0A3Q8Q3U2	E5EQW0
A0A3Q8Q3U2	E3T524
A0A3Q8Q3U2	A0A2H4UTB4
A0A3Q8Q3U2	M4QPK3
A0A3Q8Q3U2	A0A3G4ZPD3
A0A3Q8Q3U2	A0A811BLS5
A0A3Q8Q3U2	A0A8A5J2B5
A0A3Q8Q3U2	A0A8S5PY24
A0A3Q8Q3U2	G8ECJ6
A0A3Q8Q3U2	Q5UPK9
A0A3Q8Q3U2	E3T529
A0A3Q8Q3U2	E3T552
A0A3Q8Q3U2	A0A6J5LYF8
A0A3Q8Q3U2	A0A6J5PJ73
A0A3Q8Q3U2	A0A879R3H0
A0A3Q8Q3U2	A0A218MKE4
A0A3Q8Q3U2	A0A2H4UUQ2
A0A3Q8Q3U2	A0A2K9V8R9
A0A3Q8Q3U2	A0A1V0S9B9
A0A3Q8Q3U2	A0A5P8DCX7
A0A3Q8Q3U2	A0A6J5NND2
A0A3Q8Q3U2	A0A1C9C5L0
A0A3Q8Q3U2	A0A8S5S387
A0A3Q8Q3U2	A0A2H4UTC9
A0A3Q8Q3U2	A0A5K0UBH0
A0A3Q8Q3U2	A0A481Z5Y0
A0A3Q8Q3U2	A0A481ZAP2
A0A3Q8Q3U2	A0A5K0U9M7
A0A3Q8Q3U2	A0A5K0UA16
A0A3Q8Q3U2	A0A7D3QTS0
A0A3Q8Q3U2	A0A516MF80
A0A3Q8Q3U2	A0A6J5SG81
A0A3Q8Q3U2	A0A8S5RVP3
A0A3Q8Q3U2	E3T4Y7
A0A3Q8Q3U2	A0A3G5AH34
A0A3Q8Q3U2	A0A6M5C9Z9
A0A3Q8Q3U2	A0A8S5PXA2
A0A3Q8Q3U2	M4QDL4
A0A3Q8Q3U2	A0A8S0I0F3
A0A3Q8Q3U2	A0A8S0I1X4
A0A3Q8Q3U2	A0A7D7EYZ2
A0A3Q8Q3U2	A0A6J5MED7
A0A3Q8Q3U2	A0A0K1L759
A0A3Q8Q3U2	A0A5B8HYC8
A0A3Q8Q3U2	A0A6J5PVH5
A0A3Q8Q3U2	A0A6J7XC21
A0A3Q8Q3U2	G8DFE2
A0A3Q8Q3U2	A0A3G4ZUE2
A0A3Q8Q3U2	Q4A256
A0A3Q8Q3U2	A0A385IRP8
A0A3Q8Q3U2	A0A1V0SE79
A0A3Q8Q3U2	A0A1V0SLA1
A0A3Q8Q3U2	A0A2H4UV79
A0A3Q8Q3U2	A0A481YY38
A0A3Q8Q3U2	A0A1V0SGP3
A0A3Q8Q3U2	A0A345MKN1
A0A3Q8Q3U2	A0A385PJA1
A0A3Q8Q3U2	A0A5K0U9K6
A0A3Q8Q3U2	A4L236
A0A3Q8Q3U2	A7KA36
A0A3Q8Q3U2	Q9DUB7
A0A3Q8Q3U2	A0A6J5PJY0
A0A3Q8Q3U2	A0A6J5R481
A0A3Q8Q3U2	A0A516LS96
A0A3Q8Q3U2	A0A6J5PB34
A0A3Q8Q3U2	M4R1G6
A0A3Q8Q3U2	A0A1V0SAH7
A0A3Q8Q3U2	A0A346FKF4
A0A3Q8Q3U2	A0A6J5KTT4
A0A3Q8Q3U2	A0A6J7WK33
A0A3Q8Q3U2	A0A6J7X974
A0A3Q8Q3U2	A0A6N1NK79
A0A3Q8Q3U2	A0A7D3UQN3
A0A3Q8Q3U2	A0A7D3UV11
A0A3Q8Q3U2	M4QT82
A0A3Q8Q3U2	A0A2P0VP94
A0A3Q8Q3U2	A0A1V0SJT4
A0A3Q8Q3U2	A0A8F2IW62
A0A3Q8Q3U2	A0A0N7KVR5
A0A3Q8Q3U2	A0A6J5P3W7
A0A3Q8Q3U2	A0A6J7WV00
A0A3Q8Q3U2	A0A8D9CDT0
A0A3Q8Q3U2	A0A6J7WXJ1
A0A3Q8Q3U2	A0A5J6VJM5
A0A3Q8Q3U2	A0A6J5M9I3
A0A3Q8Q3U2	A0A6J7WYC1
A0A3Q8Q3U2	W6JIU6
A0A3Q8Q3U2	A0A8D9CDA7
A0A3Q8Q3U2	A0A0F7L2F7
A0A3Q8Q3U2	A0A5Q2W8M2
A0A3Q8Q3U2	A0A6J5NRS4
A0A3Q8Q3U2	G8DH22
A0A3Q8Q3U2	H9NC47
A0A3Q8Q3U2	S0A439
A0A3Q8Q3U2	A0A6J5MRQ0
A0A3Q8Q3U2	A0A8S5V9B8
A0A3Q8Q3U2	A0A8D9FRY6
A0A3Q8Q3U2	A0A516KXV4
A0A3Q8Q3U2	A0A1V0SAE6
A0A3Q8Q3U2	A0A1X9VNT6
A0A3Q8Q3U2	A0A5J6VP67
A0A3Q8Q3U2	A0A6J5KM12
A0A3Q8Q3U2	A0A5Q2W8L0
A0A3Q8Q3U2	A0A5J6VNH2
A0A3Q8Q3U2	A0A5Q2W553
A0A3Q8Q3U2	A0A6J5L7D2
A0A3Q8Q3U2	A0A6J5P5Q4
A0A3Q8Q3U2	A0A6J5PR19
A0A3Q8Q3U2	A0A7M1RVD0
A0A3Q8Q3U2	A0A8S5VW02
A0A3Q8Q3U2	W5S5X7
A0A3Q8Q3U2	A0A0P0YN31
A0A3Q8Q3U2	A0A0N9QZR6
A0A3Q8Q3U2	A0A3G5AGB1
A0A3Q8Q3U2	A0A7S5RHF0
A0A3Q8Q3U2	A0A481ZB57
A0A3Q8Q3U2	A0A481YV15
A0A3Q8Q3U2	A0A481ZCK8
A0A3Q8Q3U2	A0A5J6VIH2
A0A3Q8Q3U2	A0A3G4ZTD4
A0A3Q8Q3U2	A0A481YR41
A0A3Q8Q3U2	A0A5J6VK65
A0A3Q8Q3U2	A0A481Z5S5
A0A3Q8Q3U2	A0A4P6VP80
A0A3Q8Q3U2	A0A1V0SK48
A0A3Q8Q3U2	A0A5J6VJV6
A0A3Q8Q3U2	A0A6J5LU50
A0A3Q8Q3U2	A0A7D0GP32
A0A3Q8Q3U2	A0A6J5PPR0
A0A3Q8Q3U2	A0A6J5T3W3
A0A3Q8Q3U2	A0A6J7WYT5
A0A3Q8Q3U2	A0A5J6VKB5
A0A3Q8Q3U2	E3T541
A0A3Q8Q3U2	UPI001E761E12
A0A3Q8Q3U2	A0A6J5LRF4
A0A3Q8Q3U2	A0A6J5LZ99
A0A3Q8Q3U2	A0A3G5AJT7
A0A3Q8Q3U2	A0A2H4UUS7
A0A3Q8Q3U2	A0A5B8HVM2
A0A3Q8Q3U2	A0A345MLL0
A0A3Q8Q3U2	A0A3G4ZSK1
A0A3Q8Q3U2	A7RBM8
A0A3Q8Q3U2	A0A6J7X5Q0
A0A3Q8Q3U2	A0A7D7JJX1
A0A3Q8Q3U2	G3GQD3
A0A3Q8Q3U2	A0A6J5PQ76
A0A3Q8Q3U2	A0A481ZC42
A0A3Q8Q3U2	A0A5B8IQ41
A0A3Q8Q3U2	A0A6J7VNR9
A0A3Q8Q3U2	A0A8D9CAL9
A0A3Q8Q3U2	A0A1V0SL64
A0A3Q8Q3U2	A0A0E3Z612
A0A3Q8Q3U2	A0A0N9QQH7
A0A3Q8Q3U2	A0A0P0YP80
A0A3Q8Q3U2	A0A0S1TQK4
A0A3Q8Q3U2	A0A142EZM3
A0A3Q8Q3U2	A0A1V0SAS7
A0A3Q8Q3U2	A0A1V0SGD8
A0A3Q8Q3U2	A0A1B1ISM5
A0A3Q8Q3U2	A0A3G5A1C1
A0A3Q8Q3U2	A0A6J5ND39
A0A3Q8Q3U2	Q80BJ1
A0A3Q8Q3U2	A0A2I2L4I5
A0A3Q8Q3U2	A0A2I7QNN4
A0A3Q8Q3U2	A0A8S5SNB9
A0A3Q8Q3U2	A0A3G4ZNB7
A0A3Q8Q3U2	A0A5K0U861
A0A3Q8Q3U2	A0A5K0U8P6
A0A3Q8Q3U2	A0A3G5ADE5
A0A3Q8Q3U2	A0A2P0VP84
A0A3Q8Q3U2	A0A2R8FF35
A0A3Q8Q3U2	A0A3G5AEI9
A0A3Q8Q3U2	A0A3G5AFP7
A0A3Q8Q3U2	A0A3G5AIH5
A0A3Q8Q3U2	A0A481YUL8
A0A3Q8Q3U2	M4QRB4
A0A3Q8Q3U2	A0A481Z0V4
A0A3Q8Q3U2	A0A481Z110
A0A3Q8Q3U2	A0A076FI77
A0A3Q8Q3U2	A0A6G6XQ87
A0A3Q8Q3U2	A0A6J5KP94
A0A3Q8Q3U2	A0A481Z541
A0A3Q8Q3U2	A0A0P0YM69
A0A3Q8Q3U2	A0A2I2L5S4
A0A3Q8Q3U2	A0A3G5AG53
A0A3Q8Q3U2	A0A481Z700
A0A3Q8Q3U2	A0A481Z1M5
A0A3Q8Q3U2	A0A481Z629
A0A3Q8Q3U2	A0A481Z6R9
A0A3Q8Q3U2	A0A481Z851
A0A3Q8Q3U2	A0A6J5LV01
A0A3Q8Q3U2	S4VYJ1
A0A3Q8Q3U2	A0A5B8HV65
A0A3Q8Q3U2	A0A6G6XPM6
A0A3Q8Q3U2	A0A0K1Y9C0
A0A3Q8Q3U2	A0A5K0U7Q5
A0A3Q8Q3U2	A0A6J5KP31
A0A3Q8Q3U2	A0A6J5KNP8
A0A3Q8Q3U2	A0A6J5LSF8
A0A3Q8Q3U2	A0A6J5LWT6
A0A3Q8Q3U2	A0A6J5NH43
A0A3Q8Q3U2	A0A2I7QNN6
A0A3Q8Q3U2	A0A5J6VLB3
A0A3Q8Q3U2	A0A6J5ME55
A0A3Q8Q3U2	A0A6J5NLG3
A0A3Q8Q3U2	A0A6M2ZHL2
A0A3Q8Q3U2	A0A6N1NUS0
A0A3Q8Q3U2	A0A7D3V5B6
A0A3Q8Q3U2	A0A142CKC9
A0A3Q8Q3U2	A0A3G5A8Z5
A0A3Q8Q3U2	A7ITQ7
A0A3Q8Q3U2	M1HRI9
A0A3Q8Q3U2	F2Y0P4
A0A3Q8Q3U2	A0A6N1NM99
A0A3Q8Q3U2	A0A3G4ZPA3
A0A3Q8Q3U2	D9CGB5
A0A3Q8Q3U2	A0A6J5S3E7
A0A3Q8Q3U2	A0A6M3VX42
A0A3Q8Q3U2	A0A5J6VJ25
A0A3Q8Q3U2	A0A7S9STX8
A0A3Q8Q3U2	A0A1V0SAN7
A0A3Q8Q3U2	A0A5B8HW22
A0A3Q8Q3U2	A0A6J7X1M3
A0A3Q8Q3U2	A0A218MN63
A0A3Q8Q3U2	A0A481YWN0
A0A3Q8Q3U2	A0A6J5MS10
A0A3Q8Q3U2	A0A516MN23
A0A3Q8Q3U2	A0A481Z321
A0A3Q8Q3U2	A0A0N7G7I9
A0A3Q8Q3U2	A0A1V0SB89
A0A3Q8Q3U2	A0A1V0SFS6
A0A3Q8Q3U2	A0A3G4ZQT4
A0A3Q8Q3U2	A0A1V0SD50
A0A3Q8Q3U2	A0A481YZI4
A0A3Q8Q3U2	A0A6J5LKV1
A0A3Q8Q3U2	A0A6J5SWK6
A0A3Q8Q3U2	G4YCM1
A0A3Q8Q3U2	A0A6J4EII8
A0A3Q8Q3U2	V5LR58
A0A3Q8Q3U2	A0A1V0SHI8
A0A3Q8Q3U2	A0A6J7WZJ8
A0A3Q8Q3U2	A0A3G5A0C8
A0A3Q8Q3U2	A0A5J6VK53
A0A3Q8Q3U2	A0A6G6XQV8
A0A3Q8Q3U2	M1HWA2
A0A3Q8Q3U2	M1IF74
A0A3Q8Q3U2	F2Y1U4
A0A3Q8Q3U2	G8DG08
A0A3Q8Q3U2	A0A6G6XNF4
A0A3Q8Q3U2	A0A5K0U961
A0A3Q8Q3U2	A0A481Z509
A0A3Q8Q3U2	A0A6J5LK45
A0A3Q8Q3U2	A0A6J5M9V0
A0A3Q8Q3U2	A0A6J5M3X6
A0A3Q8Q3U2	A0A3G5A4X3
A0A3Q8Q3U2	A0A6J5N3U8
A0A3Q8Q3U2	A0A6J5RL31
A0A3Q8Q3U2	M1IPF3
A0A3Q8Q3U2	A0A6J5SYC8
A0A3Q8Q3U2	A0A5J6TN04
A0A3Q8Q3U2	A0A1B1ISU6
A0A3Q8Q3U2	A0A5J6VJR2
A0A3Q8Q3U2	A0A1V0SAX9
A0A3Q8Q3U2	A0A6N1NUE9
A0A3Q8Q3U2	A0A6J5Q6Z7
A0A3Q8Q3U2	A0A6J7XGK1
A0A3Q8Q3U2	A0A7D7JQS0
A0A3Q8Q3U2	A0A3G5AI12
A0A3Q8Q3U2	A0A346LU90
A0A3Q8Q3U2	A0A516MAT7
A0A3Q8Q3U2	A0A3G5AKC0
A0A3Q8Q3U2	A0A3G4ZTB4
A0A3Q8Q3U2	A0A3G5AE94
A0A3Q8Q3U2	A0A5J6TUA4
A0A3Q8Q3U2	S5Y2M5
A0A3Q8Q3U2	A0A6J5RYU2
A0A3Q8Q3U2	A0A481YP21
A0A3Q8Q3U2	A0A481YYT4
A0A3Q8Q3U2	A0A6J5LYF1
A0A3Q8Q3U2	A0A3G5AG20
A0A3Q8Q3U2	G8DFM8
A0A3Q8Q3U2	A0A6H1QUH7
A0A3Q8Q3U2	A0A481YUG7
A0A3Q8Q3U2	M4QT85
A0A3Q8Q3U2	A0A481Z3I7
A0A3Q8Q3U2	A0A1V0SJN8
A0A3Q8Q3U2	A0A481Z5F2
A0A3Q8Q3U2	A0A6B9R339
A0A3Q8Q3U2	A0A1V0G3L5
A0A3Q8Q3U2	A0A1X9PQV0
A0A3Q8Q3U2	A0A1Z3GCT9
A0A3Q8Q3U2	A0A385JFV3
A0A3Q8Q3U2	M9Z3C6
A0A3Q8Q3U2	Q070E8
A0A3Q8Q3U2	A0A6J5P958
A0A3Q8Q3U2	A0A292GCA9
A0A3Q8Q3U2	A0A6J5LJS2
A0A3Q8Q3U2	A0A6J5SI42
A0A3Q8Q3U2	A0A8S5SG95
A0A3Q8Q3U2	A0A3G1L3B7
A0A3Q8Q3U2	A0A6J5M498
A0A3Q8Q3U2	A0A8S5SAG0
A0A3Q8Q3U2	A0A8S5Q9G5
A0A3Q8Q3U2	A0A2U8UUF1
A0A3Q8Q3U2	A0A3G5A0A2
A0A3Q8Q3U2	A0A1V0SF51
A0A3Q8Q3U2	A0A2C9DT49
A0A3Q8Q3U2	A0A2K9R866
A0A3Q8Q3U2	A0A3G5AAN9
A0A3Q8Q3U2	A0A516LLQ2
A0A3Q8Q3U2	A0A5B8IHP7
A0A3Q8Q3U2	A0A7D3QA88
A0A3Q8Q3U2	A0A7S9SV60
A0A3Q8Q3U2	A0A6G5YIP4
A0A3Q8Q3U2	A0A6J5ME73
A0A3Q8Q3U2	A0A8S5QEQ3
A0A3Q8Q3U2	A0A6J5PAZ7
A0A3Q8Q3U2	A0A481YN17
A0A3Q8Q3U2	A0A5B8IGR9
A0A3Q8Q3U2	A0A1C9C545
A0A3Q8Q3U2	A0A1V0SE46
A0A3Q8Q3U2	A0A3G5AAE5
A0A3Q8Q3U2	A0A5J6VJV7
A0A3Q8Q3U2	A0A6J5KSN6
A0A3Q8Q3U2	A0A2P0VNX7
A0A3Q8Q3U2	A0A481Z8Y6
A0A3Q8Q3U2	A0A6J5LUI8
A0A3Q8Q3U2	A0A8S0HXQ2
A0A3Q8Q3U2	A0A5K0UBK5
A0A3Q8Q3U2	A0A1V0S9A4
A0A3Q8Q3U2	A0A5Q2WGQ6
A0A3Q8Q3U2	A0A6J5KT09
A0A3Q8Q3U2	A0A6J5LFA8
A0A3Q8Q3U2	A0A6N1NPT3
A0A3Q8Q3U2	A0A7D7JK70
A0A3Q8Q3U2	A0A879R2R5
A0A3Q8Q3U2	A0A6J5QX37
A0A3Q8Q3U2	P19296
A0A3Q8Q3U2	A0A3G4ZUI3
A0A3Q8Q3U2	A0A1V0SAG8
A0A3Q8Q3U2	A0A1V0S991
A0A3Q8Q3U2	A0A2K9V8E1
A0A3Q8Q3U2	A0A3G5AB74
A0A3Q8Q3U2	A0A481ZAH2
A0A3Q8Q3U2	A0A7D3URG3
A0A3Q8Q3U2	A0A7D3UTL1
A0A3Q8Q3U2	A0A2P0VNG1
A0A3Q8Q3U2	A0A3G5A1F8
A0A3Q8Q3U2	A0A481Z2T3
A0A3Q8Q3U2	A0A481ZBT3
A0A3Q8Q3U2	A0A3G5AHM6
A0A3Q8Q3U2	A0A5K0UAP2
A0A3Q8Q3U2	A0A8D9CCR8
A0A3Q8Q3U2	A0A8S0IDT3
A0A3Q8Q3U2	A0A6J5SAF2
A0A3Q8Q3U2	A0A879R2M4
A0A3Q8Q3U2	M1HIA0
A0A3Q8Q3U2	Q4A259
A0A3Q8Q3U2	R4THE2
A0A3Q8Q3U2	A0A8S5QRU0
A0A3Q8Q3U2	A0A075KJU1
A0A3Q8Q3U2	A0A8S5NQF4
A0A3Q8Q3U2	U3PFV4
A0A3Q8Q3U2	A0A3G5A4J5
A0A3Q8Q3U2	A0A1V0SKJ4
A0A3Q8Q3U2	A0A1V0SL98
A0A3Q8Q3U2	A0A3G5AE29
A0A3Q8Q3U2	A0A3G5AJI2
A0A3Q8Q3U2	A0A481Z1W7
A0A3Q8Q3U2	A0A481Z8F6
A0A3Q8Q3U2	A0A6J5NSL9
A0A3Q8Q3U2	A0A6J5T0S5
A0A3Q8Q3U2	F8V6J6
A0A3Q8Q3U2	A0A1C3NFH8
A0A3Q8Q3U2	A0A384ZX68
A0A3Q8Q3U2	A0A2I2L6F6
A0A3Q8Q3U2	A0A1V0SKM4
A0A3Q8Q3U2	A0A3G5A0G4
A0A3Q8Q3U2	A0A0G2Y178
A0A3Q8Q3U2	A0A3G4ZK02
A0A3Q8Q3U2	A0A481YQN6
A0A3Q8Q3U2	A0A481Z5Y2
A0A3Q8Q3U2	A0A5J6VIG4
A0A3Q8Q3U2	A0A5K0U9X1
A0A3Q8Q3U2	A0A3G5A882
A0A3Q8Q3U2	A0A3G5A6I1
A0A3Q8Q3U2	A0A3G5A8B2
A0A3Q8Q3U2	A0A3G5AJE1
A0A3Q8Q3U2	A0A481YY33
A0A3Q8Q3U2	A0A5J6VPG4
A0A3Q8Q3U2	A0A7D3UV69
A0A3Q8Q3U2	E3T526
A0A3Q8Q3U2	A0A3G5A8V8
A0A3Q8Q3U2	A0A481Z4C0
A0A3Q8Q3U2	A0A3G5AK51
A0A3Q8Q3U2	A0A8D9FR24
A0A3Q8Q3U2	A0A6J5MCB8
A0A3Q8Q3U2	A0A6J5M9G7
A0A3Q8Q3U2	A0A6J5PWU5
A0A3Q8Q3U2	A0A8S5PXW0
A0A3Q8Q3U2	A0A6J7WPK1
A0A3Q8Q3U2	A0A7D7IXE4
A0A3Q8Q3U2	A0A8S5PY38
A0A3Q8Q3U2	A0A3G5A4R7
A0A3Q8Q3U2	A0A481Z5M0
A0A3Q8Q3U2	M1HWF1
A0A3Q8Q3U2	A0A6J5N3M9
A0A3Q8Q3U2	A0A8F3EBX0
A0A3Q8Q3U2	A0A3G4ZVK1
A0A3Q8Q3U2	A0A6J5KWR7
A0A3Q8Q3U2	A0A6J5M1Y6
A0A3Q8Q3U2	D2TES4
A0A3Q8Q3U2	G4W945
A0A3T0ID53	A0A3T0ID53
A0A3T1CXE0	A0A3T1CXE0
A0A3T1CXE0	Q6XLV6
A0A3T1CXE0	A0A1J0GWE0
A0A3T1CXE0	A0A6G6XIN2
A0A401IPP5	A0A401IPP5
A0A401IPP5	A0A6N1NTR1
A0A401IPP5	A0A7G5M3Z5
A0A410T5A4	A0A410T5A4
A0A410T5Q3	A0A410T5Q3
A0A410T835	A0A410T835
A0A410TDX1	A0A410TDX1
A0A410TDX1	A0A4P8W8N1
A0A410TDX1	B9A7B8
A0A411D364	A0A411D364
A0A411D364	A0A1W6EUV6
A0A411D364	A0A0B5IWN1
A0A411D364	A0A0U2K3A8
A0A411D364	A0A3G5A4D9
A0A411D364	A0A2P0XJ43
A0A411D364	A0A2K9R7W4
A0A411D364	A0A8F3E8A3
A0A411D364	A0A1L3KEV0
A0A411D364	A0A1L3KFF2
A0A411D364	A0A1V0SCG3
A0A411D364	A0A3S5HA21
A0A411D364	A0A5K0UB88
A0A411D364	A0A345MY58
A0A481TCC7	A0A481TCC7
A0A481TMS1	A0A481TMS1
A0A481V9W5	A0A481V9W5
A0A481W668	A0A481W668
A0A481YP05	A0A481YP05
A0A481YWB2	A0A481YWB2
A0A481YYA9	A0A481YYA9
A0A481YYA9	A0A0B5J2G4
A0A481YYA9	Q9DVR6
A0A481Z0J1	A0A481Z0J1
A0A481Z1I6	A0A481Z1I6
A0A481Z5T9	A0A481Z5T9
A0A481Z5T9	A0A0N9Q9J8
A0A481Z5T9	A0A1V0S999
A0A481Z5T9	A0A6J5PEJ0
A0A481Z5T9	U3GV85
A0A481Z6N1	A0A481Z6N1
A0A481Z8I9	A0A481Z8I9
A0A5C2ICN4	A0A5C2ICN4
A0A5H2WYZ6	A0A5H2WYZ6
A0A5H2WYZ6	A0A4P8W3Q2
A0A5J6B5G2	A0A5J6B5G2
A0A5J6TE30	A0A5J6TE30
A0A5J6TEV1	A0A5J6TEV1
A0A5J6TR12	A0A5J6TR12
A0A5J6TVW1	A0A5J6TVW1
A0A5J6TVW1	A0A222ZMH6
A0A5J6VKC1	A0A5J6VKC1
A0A5K0U7A3	A0A5K0U7A3
A0A5K0U7A3	A0A6J5TDX4
A0A5K0U7A3	A0A8S5UCP4
A0A5K0UA04	A0A5K0UA04
A0A5K0UA04	A0A2P1GN35
A0A5P9PAN9	A0A5P9PAN9
A0A5P9U6N1	A0A5P9U6N1
A0A5Q0TWE6	A0A5Q0TWE6
A0A5Q2F7N2	A0A5Q2F7N2
A0A5Q2F871	A0A5Q2F871
A0A5Q2F871	A0A2U7UCL1
A0A5Q2F871	A0A8S5S931
A0A5Q2F871	A0A8S5VHU4
A0A5Q2F871	Q87594
A0A5Q2W5J0	A0A5Q2W5J0
A0A5Q2W5J0	A0A0K1LM82
A0A5Q2W5W6	A0A5Q2W5W6
A0A5Q2W6H0	A0A5Q2W6H0
A0A5S9HXY7	A0A5S9HXY7
A0A5S9HXY7	A0A6J5P7B5
A0A649VK83	A0A649VK83
A0A650EDF5	A0A650EDF5
A0A650EES4	A0A650EES4
A0A650EES4	A0A171PVS4
A0A650EES4	A0A1L3KGF8
A0A650EES4	A0A1V0SCY5
A0A650EES4	A0A1W6DAW3
A0A650EES4	A0A345MP21
A0A650EES4	A0A8S5UU12
A0A650EES4	B6ZK31
A0A650EIE4	A0A650EIE4
A0A679FDZ4	A0A679FDZ4
A0A679FDZ4	A0A2P0VP46
A0A679FDZ4	A0A384UH47
A0A679FDZ4	A0A516KV65
A0A679FDZ4	A0A7D3UJT1
A0A679FDZ4	R9R1S6
A0A679FDZ4	A0A345ML12
A0A679FDZ4	A0A7D5FMP1
A0A679FDZ4	A0A8S5SW33
A0A679FDZ4	H9ED12
A0A6B7ER45	A0A6B7ER45
A0A6B7ZF63	A0A6B7ZF63
A0A6B7ZF63	A0A3G5A0X7
A0A6B9HLD8	A0A6B9HLD8
A0A6B9J9M0	A0A6B9J9M0
A0A6B9JCB7	A0A6B9JCB7
A0A6B9SVF6	A0A6B9SVF6
A0A6C0PJT9	A0A6C0PJT9
A0A6C0PK10	A0A6C0PK10
A0A6C0PKW3	A0A6C0PKW3
A0A6C0RTE6	A0A6C0RTE6
A0A6G5XYV5	A0A6G5XYV5
A0A6G5XYV5	A0A141HRT4
A0A6G5XYV5	A0A8S5VGG0
A0A6G5XYV5	UPI001F143B77
A0A6G5XYV5	A0A8S5QJK0
A0A6G5XYV5	C9DGJ7
A0A6G5XYV5	A0A2L0UZ72
A0A6G5XYV5	A0A7S5RLN1
A0A6G5YAA1	A0A6G5YAA1
A0A6N1NXA0	A0A6N1NXA0
A0A6S4PD04	A0A6S4PD04
A0A6S4PD04	A0A1D8KLK9
A0A6S4PG60	A0A6S4PG60
A0A6S4PG60	A0A6J5PS18
A0A7D0GPX6	A0A7D0GPX6
A0A7D3QUT8	A0A7D3QUT8
A0A7D3R0A6	A0A7D3R0A6
A0A7D4W439	A0A7D4W439
A0A7D5AYT6	A0A7D5AYT6
A0A7D5BDG0	A0A7D5BDG0
A0A7D5Q5B8	A0A7D5Q5B8
A0A7D5YYI6	A0A7D5YYI6
A0A7D7F3X6	A0A7D7F3X6
A0A7G3VX79	A0A7G3VX79
A0A7G4AVR7	A0A7G4AVR7
A0A7G5AXC3	A0A7G5AXC3
A0A7G5B866	A0A7G5B866
A0A7G5CFX8	A0A7G5CFX8
A0A7G5M3D3	A0A7G5M3D3
A0A7G5M3N2	A0A7G5M3N2
A0A7G5M3N2	A0A0F7LAF9
A0A7G5M3N2	A0A0F7LB92
A0A7G5M3N2	A0A6B9URG0
A0A7G5M3N2	A0A6G8MY85
A0A7G5M3N2	M1HU04
A0A7G5M3N2	Q698X0
A0A7G5M3N2	S5TND2
A0A7G7R5I8	A0A7G7R5I8
A0A7G7S0G2	A0A7G7S0G2
A0A7G7S0G2	A0A0F6WE29
A0A7G7WWI8	A0A7G7WWI8
A0A7G8Z7T6	A0A7G8Z7T6
A0A7G8Z7W2	A0A7G8Z7W2
A0A7G9U7U7	A0A7G9U7U7
A0A7G9U873	A0A7G9U873
A0A7H0XFV9	A0A7H0XFV9
A0A7L8G4G5	A0A7L8G4G5
A0A7L9VUA0	A0A7L9VUA0
A0A7M1RVJ3	A0A7M1RVJ3
A0A7M1RVJ3	A0A858NF20
A0A7M1RVJ3	X4YXB9
A0A7M1S176	A0A7M1S176
A0A7S5QYG6	A0A7S5QYG6
A0A7S5QZ43	A0A7S5QZ43
A0A7S5RBT3	A0A7S5RBT3
A0A7S5RBT3	UPI001CE6E990
A0A7S5RFJ1	A0A7S5RFJ1
A0A7S5T4Y2	A0A7S5T4Y2
A0A7S5T6G8	A0A7S5T6G8
A0A7S5UUX6	A0A7S5UUX6
A0A7S5VJ45	A0A7S5VJ45
A0A7S5VJ45	A0A7G3PHN4
A0A7S6NYZ1	A0A7S6NYZ1
A0A7S7YEF1	A0A7S7YEF1
A0A7S7YEW8	A0A7S7YEW8
A0A7S7YEY5	A0A7S7YEY5
A0A7T0M3H1	A0A7T0M3H1
G4KKR1	G4KKR1
G4Y373	G4Y373
G4YAB4	G4YAB4
G4YAB4	A0A6J5LBF2
G8DG05	G8DG05
G8DG05	A0A481ZFQ2
G8DGQ1	G8DGQ1
G8DGQ1	Q9WIA8
G8DGR3	G8DGR3
G8EYE8	G8EYE8
G8H0P5	G8H0P5
G8ICI9	G8ICI9
G8XUL8	G8XUL8
H2ED42	H2ED42
H2ED42	A0A167R472
H6BJ42	H6BJ42
H6SU46	H6SU46
H6SU46	A0A1D8EXD3
H6SU46	A0A410T726
H6UK46	H6UK46
H7BVQ2	H7BVQ2
H7BW97	H7BW97
H7BW97	Q5YFP3
H8ZJP9	H8ZJP9
H9NC57	H9NC57
H9NC57	A0A481YVA3
H9NC57	A0A6J4EH88
H9NC57	A0A7G8LRG4
H9NC57	A0A6G6XP65
H9NC57	A0A6J5NA62
H9NC57	Q25BG4
H9NC57	A0A6J7WYH3
H9NC57	A0A6J5SUQ0
H9NC57	M4QQE8
H9NC57	Q684B1
H9NC57	A0A5J6VL16
H9NC57	A0A7S9XE01
H9YTI2	H9YTI2
H9YTM7	H9YTM7
H9YTN4	H9YTN4
I3UKD1	I3UKD1
I3XLC4	I3XLC4
I4AZG1	I4AZG1
I4AZM9	I4AZM9
J7IK49	J7IK49
J9PTY6	J9PTY6
J9PTY6	A0A8S5QRQ9
J9PTY6	A0A481Z905
J9PTY6	A0A1B4XWL9
J9PTY6	G3GNW4
J9PTY6	A0A6J5KWC0
J9PTY6	A0A6J5KKL6
J9PTY6	A0A6J5Q8P0
J9PTY6	A0A6J5SVC1
J9PTY6	H2EAH0
J9PTY6	A0A7M3UP55
J9PTY6	A0A5J6VKD7
J9PTY6	A0A5K0UAS6
J9PTY6	A0A7D3QUW6
J9PTY6	A0A1V0SI72
J9PTY6	A0A3G5A1G0
J9PTY6	A0A7D3QV03
J9PTY6	A0A3G5ADR3
J9PTY6	A0A6G8MY73
J9PTY6	A0A7D3QV11
J9PTY6	A0A7D3UV43
J9PTY6	A0A7D3QU55
J9QGR4	J9QGR4
J9QGR4	A0A1V0SBI6
J9QGR4	UPI00155E547E
K4IBL1	K4IBL1
K4IBL1	A0A8F5MEF3
K4JTF6	K4JTF6
K4RM63	K4RM63
K4RM63	A0A1V0SL28
K4RM63	A0A6J5RM85
K4RM63	A0A6J7WW18
K7YIP3	K7YIP3
L7TKD2	L7TKD2
M1HCE5	M1HCE5
M1I2J7	M1I2J7
M1ID59	M1ID59
M4MCW6	M4MCW6
M4QMT3	M4QMT3
O70645	O70645
O70646	O70646
O90834	O90834
O90834	A0A8S5S0J4
P0DJZ3	P0DJZ3
P16746	P16746
Q14W77	Q14W77
Q196X1	Q196X1
Q197D5	Q197D5
Q197D5	A0A068QKS2
Q197D5	W8W2T2
Q19Y27	Q19Y27
Q19Y27	A0A0H3U4T2
Q2FAX3	Q2FAX3
Q2NP50	Q2NP50
Q2PK53	Q2PK53
A0A6J5MKC1	A0A6J5MKC1
A0A6J5MM67	A0A6J5MM67
A0A6J5MRJ7	A0A6J5MRJ7
A0A6J5MWB5	A0A6J5MWB5
A0A6J5MWB5	A0A6J5MQY7
A0A6J5N1M2	A0A6J5N1M2
A0A6J5N5X6	A0A6J5N5X6
A0A6J5N5Z7	A0A6J5N5Z7
A0A6J5N5Z7	A0A140F3L2
A0A6J5N5Z7	A0A0N9MPN4
A0A6J5N5Z7	A0A2P0VMT3
A0A6J5N5Z7	A0A8D9UJ62
A0A6J5N5Z7	A0A6J5Q062
A0A6J5N5Z7	A0A5J6VJD7
A0A6J5N5Z7	A0A6J5MJ19
A0A6J5N5Z7	V5LR44
A0A6J5N5Z7	A0A6J5NK11
A0A6J5N5Z7	A0A5J6VJV4
A0A6J5N5Z7	A0A5J6VLN4
A0A6J5N5Z7	A0A6J5MV95
A0A6J5N5Z7	A0A6J5PB76
A0A6J5N5Z7	A0A6J5R1Z4
A0A6J5N5Z7	A0A6J7X0M8
A0A6J5N5Z7	S4W0H0
A0A6J5N5Z7	A0A6J7X573
A0A6J5N5Z7	A0A6J5P9A3
A0A6J5N5Z7	A0A142EZR9
A0A6J5N6Z8	A0A6J5N6Z8
A0A6J5NBL1	A0A6J5NBL1
A0A6J5NCQ5	A0A6J5NCQ5
A0A6J5NGH5	A0A6J5NGH5
A0A6J5NHI6	A0A6J5NHI6
A0A6J5NJY3	A0A6J5NJY3
A0A6J5NLA8	A0A6J5NLA8
A0A6J5P145	A0A6J5P145
A0A6J5P4D5	A0A6J5P4D5
A0A6J5PAP8	A0A6J5PAP8
A0A6J5PEJ1	A0A6J5PEJ1
A0A6J5PIX6	A0A6J5PIX6
A0A6J5PIX6	A0A6J5T2V6
A0A6J5PJ06	A0A6J5PJ06
A0A6J5PKJ8	A0A6J5PKJ8
A0A6J5PNL4	A0A6J5PNL4
A0A6J5Q4W2	A0A6J5Q4W2
A0A6J5Q7Q2	A0A6J5Q7Q2
A0A6J5Q9S2	A0A6J5Q9S2
A0A6J5QDW6	A0A6J5QDW6
A0A6J5QEA7	A0A6J5QEA7
A0A6J5QJI8	A0A6J5QJI8
A0A6J5QQA0	A0A6J5QQA0
A0A6J5QSA4	A0A6J5QSA4
A0A6J5R6F8	A0A6J5R6F8
A0A6J5R9I0	A0A6J5R9I0
A0A6J5RAS3	A0A6J5RAS3
A0A6J5RJ15	A0A6J5RJ15
A0A6J5RMC4	A0A6J5RMC4
A0A8S5M2C8	A0A8S5M2C8
A0A8S5M340	A0A8S5M340
A0A8S5M340	A0A3G2YTA0
A0A8S5M340	A0A516MHL8
A0A8S5MEM9	A0A8S5MEM9
A0A8S5MGE8	A0A8S5MGE8
A0A8S5MN83	A0A8S5MN83
A0A8S5MNS3	A0A8S5MNS3
A0A8S5MZV2	A0A8S5MZV2
A0A8S5NKD2	A0A8S5NKD2
A0A8S5NKJ7	A0A8S5NKJ7
A0A8S5NLI4	A0A8S5NLI4
A0A8S5NQ82	A0A8S5NQ82
A0A8S5NQM6	A0A8S5NQM6
A0A8S5NW95	A0A8S5NW95
A0A8S5NZF4	A0A8S5NZF4
A0A8S5P250	A0A8S5P250
A0A8S5P6K5	A0A8S5P6K5
A0A8S5P9F5	A0A8S5P9F5
A0A8S5P9Z6	A0A8S5P9Z6
A0A8S5PFT2	A0A8S5PFT2
A0A8S5PKI4	A0A8S5PKI4
A0A8S5PM98	A0A8S5PM98
A0A8S5PXL8	A0A8S5PXL8
A0A8S5PXU4	A0A8S5PXU4
A0A8S5Q512	A0A8S5Q512
A0A8S5Q8R1	A0A8S5Q8R1
A0A8S5Q8R1	A0A5Q2UAX2
A0A8S5QNQ9	A0A8S5QNQ9
A0A8S5QV71	A0A8S5QV71
A0A8S5QX22	A0A8S5QX22
A0A8S5R927	A0A8S5R927
A0A8S5R9C1	A0A8S5R9C1
A0A8S5REP2	A0A8S5REP2
A0A8S5RJV7	A0A8S5RJV7
A0A8S5RPZ6	A0A8S5RPZ6
A0A8S5RPZ6	A0A2P1JU25
A0A8S5RPZ6	A0A5Q0V0I2
A0A8S5RZ57	A0A8S5RZ57
A0A8S5S606	A0A8S5S606
A0A8S5SC36	A0A8S5SC36
A0A8S5SGS2	A0A8S5SGS2
A0A8S5SK41	A0A8S5SK41
A0A8S5SL68	A0A8S5SL68
A0A8S5SQS6	A0A8S5SQS6
A0A8S5SQS6	A0A0B5IX01
A0A8S5SWH7	A0A8S5SWH7
A0A8S5SXF6	A0A8S5SXF6
A0A8S5T883	A0A8S5T883
A0A8S5T918	A0A8S5T918
A0A8S5TCQ9	A0A8S5TCQ9
A0A8S5THL4	A0A8S5THL4
A0A8S5TJS5	A0A8S5TJS5
A0A8S5TKY8	A0A8S5TKY8
A0A8S5U2P6	A0A8S5U2P6
A0A8S5U3H4	A0A8S5U3H4
A0A8S5U3N8	A0A8S5U3N8
A0A8S5U5D9	A0A8S5U5D9
A0A8S5UB06	A0A8S5UB06
A0A8S5UJ90	A0A8S5UJ90
A0A8S5UM23	A0A8S5UM23
A0A8S5UM23	A0A874UJM5
A0A8S5UTM2	A0A8S5UTM2
A0A8S5UX27	A0A8S5UX27
A0A8S5UZI2	A0A8S5UZI2
A0A8S5UZI2	A0A481Z5Z0
A0A8S5V4Y0	A0A8S5V4Y0
A0A8S5VBZ5	A0A8S5VBZ5
A0A8S5VG77	A0A8S5VG77
A0A8S5VK33	A0A8S5VK33
A0A8S5VLH8	A0A8S5VLH8
A0A6J5RNE5	A0A6J5RNE5
A0A6J5RRI1	A0A6J5RRI1
A0A6J5S103	A0A6J5S103
A0A6J5S254	A0A6J5S254
A0A6J5S596	A0A6J5S596
A0A6J5S7S5	A0A6J5S7S5
A0A6J5SJA7	A0A6J5SJA7
A0A6J5SM90	A0A6J5SM90
A0A6J5SRM5	A0A6J5SRM5
A0A6J5T0P8	A0A6J5T0P8
A0A6J5T1H5	A0A6J5T1H5
A0A6J5T248	A0A6J5T248
A0A6J5TBD3	A0A6J5TBD3
A0A6J7WNI4	A0A6J7WNI4
A0A6J7WNI4	A0A6J7X0N6
A0A6J7WNI4	A0A2P1CCG6
A0A6J7WNI4	A0A3T0ID99
A0A6J7WNI4	Q853Y9
A0A6J7WNI4	A0A481YSS2
A0A6J7WNI4	A0A3G5AGM4
A0A6J7WNI4	A0A7G5CHF3
A0A6J7WNI4	S5MAQ8
A0A6J7WNI4	A0A6J5M036
A0A6J7WNI4	A0A0K0NL06
A0A6J7WNI4	A0A1S6L1X9
A0A6J7WNI4	A0A2D1ADU9
A0A6J7WNI4	A0A2U7N2H9
A0A6J7WNI4	A0A2U7UAW0
A0A6J7WNI4	A0A516LRA3
A0A6J7WNI4	A0A5K0U9I2
A0A6J7WNI4	D2XAL2
A0A6J7WNI4	K4K6A9
A0A6J7WNS0	A0A6J7WNS0
A0A6J7WQR1	A0A6J7WQR1
A0A6J7WQS9	A0A6J7WQS9
A0A6J7WU76	A0A6J7WU76
A0A6J7WYG0	A0A6J7WYG0
A0A6J7X0D0	A0A6J7X0D0
A0A6J7X2L6	A0A6J7X2L6
A0A6J7X3X5	A0A6J7X3X5
A0A6J7X3X5	A0A8S5MJT0
A0A6J7X9M4	A0A6J7X9M4
A0A6J7XAR9	A0A6J7XAR9
A0A6J7XAR9	A0A7S5R3Z8
A0A6M3GXQ9	A0A6M3GXQ9
A0A6M3QSG1	A0A6M3QSG1
A0A6M3T6W3	A0A6M3T6W3
A0A6M6D8H2	A0A6M6D8H2
A0A6M6D8U0	A0A6M6D8U0
A0A6M9YZE7	A0A6M9YZE7
A0A6M9Z743	A0A6M9Z743
A0A7T3KBT6	A0A7T3KBT6
A0A7U0G8P3	A0A7U0G8P3
A0A7U0G8P3	A0A077KVN0
A0A7U0G8P3	A0A0F7L270
A0A7U0G8P3	A0A0F7L854
A0A7U0G8P3	A0A0F7LAE4
A0A7U0G8P3	A0A0F7LAJ1
A0A7U0G8P3	A0A1L3KFT0
A0A7U0G8P3	A0A1X9T538
A0A7U0G8P3	A0A481YV41
A0A7U0G8P3	A0A481YYP2
A0A7U0G8P3	A0A481Z6L8
A0A7U0G8P3	A0A5Q2W648
A0A7U0G8P3	A0A6J5SUE6
A0A7U0G8P3	A0A7M3UNK7
A0A7U0G8P3	A0A811BLR8
A0A7U0G8P3	F1AWY4
A0A7U0G8P3	Q8BEN0
A0A7U0G8P3	A0A5J6VKB8
A0A7U0GDB0	A0A7U0GDB0
A0A811A9Y5	A0A811A9Y5
A0A811A9Y5	A0A076FG56
A0A811BN50	A0A811BN50
A0A811BNU8	A0A811BNU8
A0A811BPX7	A0A811BPX7
A0A811BRP8	A0A811BRP8
A0A811BS71	A0A811BS71
A0A858NMF7	A0A858NMF7
A0A873WDY6	A0A873WDY6
A0A873WH62	A0A873WH62
A0A873WK92	A0A873WK92
A0A873WNW9	A0A873WNW9
A0A873WVC0	A0A873WVC0
A0A886NI53	A0A886NI53
A0A886NJ14	A0A886NJ14
A0A889IS03	A0A889IS03
A0A893A813	A0A893A813
A0A894YVT4	A0A894YVT4
A0A894YVT4	A0A346G3N5
A0A898KAR0	A0A898KAR0
A0A899IPN4	A0A899IPN4
A0A899IS56	A0A899IS56
A0A899IUW1	A0A899IUW1
A0A899IVW5	A0A899IVW5
A0A8A1VF65	A0A8A1VF65
A0A8A1VF65	A0A899INP2
A0A8A4VDT2	A0A8A4VDT2
A0A8A4XCR7	A0A8A4XCR7
A0A8E5BER0	A0A8E5BER0
A0A8E5CDK3	A0A8E5CDK3
A0A8E5K714	A0A8E5K714
A0A8E7FY84	A0A8E7FY84
A0A8F3EBM3	A0A8F3EBM3
A0A8F4MX76	A0A8F4MX76
A0A8F4MX76	A0A1L3KKA4
A0A8F4MX76	A0A2H4H0P6
A0A8F4MX76	A0A7D7F436
A0A8F4MX76	A0A8S5L6V2
A0A8F6AIG7	A0A8F6AIG7
A0A8F6UAD5	A0A8F6UAD5
A0A8F8KTN6	A0A8F8KTN6
A0A8F8KTN6	A0A1W5PTL6
A0A8F8KTN6	A7KA16
A0A8F8KTN6	X2IXA2
A0A8F8SLS9	A0A8F8SLS9
A0A8H2S9Z5	A0A8H2S9Z5
A0A8J9R3F2	A0A8J9R3F2
A0A8J9R3F2	A0A3S8NFJ2
A0A8S0HUS8	A0A8S0HUS8
A0A8S0HYR6	A0A8S0HYR6
A0A8S0I019	A0A8S0I019
A0A8S0I259	A0A8S0I259
A0A8S0I4S0	A0A8S0I4S0
A0A8S0I4Y4	A0A8S0I4Y4
A0A8S0I6U5	A0A8S0I6U5
A0A8S0I7Q0	A0A8S0I7Q0
A0A8S0IA57	A0A8S0IA57
A0A8S5L353	A0A8S5L353
A0A8S5L6H5	A0A8S5L6H5
A0A8S5LI72	A0A8S5LI72
A0A8S5LIA1	A0A8S5LIA1
A0A8S5LJF1	A0A8S5LJF1
A0A8S5LSA7	A0A8S5LSA7
A0A8S5LU33	A0A8S5LU33
A0A8S5LV27	A0A8S5LV27
UPI001CE5E48C	UPI001CE5E48C
UPI001E6A9369	UPI001E6A9369
UPI001EABAE1F	UPI001EABAE1F
UPI0023292C4E	UPI0023292C4E
V5L5R3	V5L5R3
V5LQM3	V5LQM3
V9SFF3	V9SFF3
W6JLJ4	W6JLJ4
W8NNK4	W8NNK4
X5L4P3	X5L4P3
X5L4P3	A0A3G4ZSX2
