evidence_id	file_role	path	size_bytes	sha256
WP01B-E01	raw_foldseek_cluster_assignment	results/WP01B_coarse_clustering/raw/cluster_cluster.tsv	25507	96b38f5bc846d4f16071e4f7d560a33c384b4422ffa291796987b667ee566359
WP01B-E02	foldseek_numeric_id_to_accession_mapping	results/WP01B_coarse_clustering/raw/protein_db.source	25338	7a6c9198444ae16a80b762a3118345d98f3706d7add37cd4017591ed892bb2c9
WP01B-E03	canonical_biological_cluster_membership	results/WP01B_coarse_clustering/canonical/cluster_membership.tsv	35795	cd731e42c1bffd7946427540d4cb61d72f706f494a93df2a8be11831f554fd2f
WP01B-E04	original_hpc_membership_validation_log	results/WP01B_coarse_clustering/audit/membership_reconstruction_validation.txt	1855	2f1df8b380c191cb660b2f3fedb5eafe71aa538288f4eb02ce2bcfab58cdbdb3
WP01B-E05	archived_original_clustering_python_script	scripts/archive/WP01B_coarse_clustering/run_cluster_clean_virus.py	1226	96570c629f220806b11c4908ae9e1aa642971a97c359ee07125d6d5eb436a32a
WP01B-E06	archived_clustering_script_provenance_record	scripts/archive/WP01B_coarse_clustering/run_cluster_clean_virus.provenance.txt	617	1b9780d25fcbecad3b624facb07611998a8e12c186bd2d552f914db6fda96481
WP01B-E07	archived_hpc_membership_validation_script	scripts/archive/WP01B_coarse_clustering/validate_membership_reconstruction.hpc.sh	4389	913c31eff40639b36d2111e039817e7142c30ba82098b148f36adbc65bbd16b7
WP01B-E08	repository_portable_membership_validation_script	scripts/reproducible/WP01B_coarse_clustering/validate_membership_reconstruction.sh	4485	0e04fa0188aebedcc30c7a5e74fcfbc7ff539281a95020398828a83cbafa0f95
WP01B-E09	repository_membership_validation_log	results/WP01B_coarse_clustering/audit/repository_membership_validation.txt	2079	40252a12c99892c62c79e3fa14135b4713357bdbc39310e7f048efba665768ad
