A0A067ZJ35	1
A0A068CDJ3	2
A0A068EMF8	3
A0A068EPG8	4
A0A075BSR2	7
A0A076FH18	11
A0A076VAH8	15
A0A088FRJ5	18
A0A097EWI5	19
A0A097P136	20
A0A0A7H9X5	24
A0A0A7HAR4	25
A0A0B5IW88	26
A0A0B5J7K0	31
A0A0B5J7K0	1188
A0A0B5J873	32
A0A0B5J8S8	33
A0A0B5J975	34
A0A0B5JBY9	36
A0A0B5JEK5	37
A0A0B5JEK5	593
A0A0B5JEK5	651
A0A0F6R5Q2	43
A0A0F6TH86	44
A0A0F6YQ80	46
A0A0F7L2X8	50
A0A0F7L3H4	51
A0A0F7L3S9	52
A0A0F7L3U3	53
A0A0F7L4A7	54
A0A0F7L4D3	55
A0A0F7L4I7	56
A0A0F7L563	57
A0A0F7L675	58
A0A0F7L6B4	59
A0A0F7L6R0	60
A0A0F7L7N7	62
A0A0F7L8J7	65
A0A0F7L8Z2	67
A0A0F7L981	68
A0A0K1L7A3	79
A0A0K8IWJ7	84
A0A0M4S2J1	85
A0A0N7CD60	86
A0A0N7CPE3	87
A0A0N9NK81	91
A0A0N9QAA0	93
A0A0P0YMT5	99
A0A125R922	108
A0A142FGC9	117
A0A165YEV4	120
A0A172Q0R5	123
A0A190WHE6	124
A0A1B0VMJ6	125
A0A1B0XUM4	126
A0A1B0XUM4	665
A0A1B1IPE7	128
A0A1B1IQ75	129
A0A1B1IRW9	130
A0A1B1IUL2	134
A0A1B1PEB7	135
A0A1B2ITM5	136
A0A1B5FM26	138
A0A1C3NFL1	140
A0A1C8ZZ47	142
A0A1C8ZZ47	5
A0A1C9C546	145
A0A1C9C546	352
A0A1C9C546	1091
A0A1D8KNL8	150
A0A1D8KPF2	151
A0A1J0MGY9	154
A0A1L3IZS5	156
A0A1L3KMJ9	162
A0A1L3KMJ9	1409
A0A1L7N1F1	164
A0A1P8DIX4	165
A0A1P8SW77	167
A0A1S5VFY0	170
A0A1S5VFY0	217
A0A1S5VYE1	171
A0A1S6R5K7	174
A0A1V0M8G7	177
A0A1V0M8G7	1274
A0A1V0SAM1	189
A0A1V0SDF0	201
A0A1V0SDU6	202
A0A1V0SF98	208
A0A1V0SF98	183
A0A1V0SFE9	209
A0A1V0SJ19	218
A0A1V0SJ19	1369
A0A1V0SJ19	215
A0A1V0SJ19	1218
A0A1V0SJ19	663
A0A1V0SJ19	1013
A0A1V0SL47	227
A0A1V0SL47	343
A0A1W5VPJ7	232
A0A1W6G148	235
A0A1W6JQQ4	236
A0A1X9VNW5	240
A0A1X9VNW5	772
A0A1Y0SVW1	241
A0A1Z1NED9	242
A0A1Z1NED9	1695
A0A218MKP5	248
A0A222Z8C6	250
A0A222ZR48	252
A0A290G6B1	253
A0A290U429	254
A0A290U429	118
A0A290U429	395
A0A290U429	255
A0A290U429	1232
A0A290U429	1679
A0A291S2F0	256
A0A2D0Z3S3	259
A0A2D0ZP19	260
A0A2D0ZP19	1654
A0A2D1GAS9	262
A0A2D1GMM7	263
A0A2D2W2K7	265
A0A2D3I5I5	266
A0A2D3I5Q0	267
A0A2D3I5R4	268
A0A2D3I696	269
A0A2D3I6D0	270
A0A2D3I6G6	271
A0A2D3I7A5	272
A0A2H4J9T9	274
A0A2H4P771	275
A0A2H4PAZ9	276
A0A2H4PB83	277
A0A2H4PHE9	278
A0A2H4PIY7	279
A0A2H4QBB9	280
A0A2H4ZKK4	292
A0A2H5BKI2	293
A0A2H5BLQ1	294
A0A2H5BQC2	295
A0A2H5BQC2	172
A0A2H5BQC2	1207
A0A2I2L3U2	296
A0A8S5VLK4	1400
A0A8S5VV45	1403
A0A8T8JBF7	1405
A0A9E7QEX7	1406
A0A9E7QJH4	1407
A0A9E7TEM4	1408
A0A9E7TEM4	14
A1YZR9	1410
A1Z011	1411
A2PZW9	1413
A2PZW9	1412
A2Q0Q3	1414
A3QMI3	1415
A3QMI3	1166
A3RGH6	1416
A4JX45	1417
A4L213	1418
A7ITT2	1421
A7ITT2	1168
A7ITV0	1422
A7IUB3	1423
A7IUS2	1424
A7IV94	1425
A7IWH5	1426
A7IWY6	1427
A7J7I5	1428
A7K9C0	1430
A7K9C6	1431
A7K9F6	1432
A7K9R3	1433
A7K9R5	1434
A7KA84	1437
A7RAJ2	1438
A8W385	1440
B0FDY5	1441
B2YFY2	1442
B2YG58	1443
B3VM64	1446
B3VM64	624
B8PQ63	1449
B8XLF5	1451
C1L3J6	1453
D3YHN2	1457
D4P7P0	1459
D5IEX9	1460
D6PGE6	1462
D6PH85	1463
D6QY64	1464
E5ES26	1476
E5EYJ2	1477
E7DBJ8	1478
E8ZC17	1479
F1ADP4	1480
F1BUL9	1482
F1BUN0	1483
F2Y1N4	1486
F2Y236	1489
F2Y2Y1	1491
F4YXN8	1492
F4ZGQ5	1493
F8WPT3	1495
F8WPT3	1569
G1UCT9	1496
G3GN91	1497
A0A6G5YAI9	800
A0A6G5YC23	801
A0A6G5YFV5	802
A0A6G5YMU4	804
A0A6G6XJP3	808
A0A6G6XUS8	816
A0A6G6XVJ7	817
A0A6G6XXB8	818
A0A6G6ZQB5	819
A0A6G8MY89	822
A0A6G8MY89	225
A0A6G8R5M8	824
A0A6G9HER2	825
A0A6G9HES9	826
A0A6G9LDI7	827
A0A6H1TH76	830
A0A6J4EK54	833
A0A6J5KGF0	834
A0A6J5KGF0	109
A0A6J5KI82	835
A0A6J5KK10	836
A0A6J5KR29	842
A0A6J5KX49	849
A0A6J5L005	850
A0A6J5L4I2	851
A0A6J5L5R3	853
A0A6J5L7S0	858
A0A6J5L7S0	1012
A0A6J5L8I4	859
A0A6J5LC54	863
A0A6J5LH17	866
A0A6J5LH17	1083
A0A6J5LT81	875
A0A6J5LU28	877
A0A6J5LXC9	883
A0A6J5LZI3	887
A0A6J5LZU8	888
A0A6J5M0K9	891
A0A6J5M4H6	896
A0A481Z9N6	600
A0A482F4D1	609
A0A482F4D1	1448
A0A482ID79	611
A0A482IE37	612
A0A482JIM4	613
A0A482JJR1	614
A0A4D5XFN5	616
A0A4D5XFN5	155
A0A4D5XFN5	775
A0A4D5XFN5	1353
A0A4D5ZI36	617
A0A4D6DYF3	619
A0A4D6E0K0	620
A0A4D6EGS5	622
A0A4D6EHH7	623
A0A4P1QFI5	625
A0A4P8W5Y3	628
A0A4P8W7Q6	629
A0A4P8W8M5	630
A0A4Y1PW50	632
A0A4Y5JUD7	633
A0A4Y5TPZ9	634
A0A4Y5TRA8	635
A0A4Y5UXU2	636
A0A4Y5UXU2	379
A0A513Q1G8	638
A0A513Q9S0	639
A0A513Q9S0	112
A0A513Q9S0	1163
A0A513Q9S0	153
A0A513Q9S0	648
A0A513Q9S0	940
A0A513Q9S0	1211
A0A513Q9S0	1665
A0A513Q9S0	1725
A0A513QA52	640
A0A513QA86	641
A0A513QA86	828
A0A513QA86	908
A0A514A8S0	642
A0A514AAP5	643
A0A514CSK4	644
A0A514CST4	645
A0A514D1I8	646
A0A514D2U7	647
A0A514D7W6	649
A0A514DBK5	650
A0A514DGR2	652
A0A514DGR2	141
A0A514DGR2	1103
A0A514DGR2	0
A0A514DGR2	1357
A0A516KXX9	657
A0A516L5F5	658
A0A516L9X8	659
A0A516LDA5	660
A0A516LHE3	661
A0A516LHE3	244
A0A516LHE3	1522
A0A516LJB6	662
A0A516LNX4	667
A0A516LNX4	664
A0A516LWV4	672
A0A516LYM3	674
A0A516MGQ2	677
A0A516MIS5	679
A0A516MLF0	680
A0A5B9N4H8	694
A0A5B9N8F4	696
A0A5C0PVM1	697
A0A5C0PVM1	1129
A0A5C1D9V7	698
A0A5C1K3T9	699
A0A5C1K3T9	1069
A0A5C1K3T9	168
A0A5C1K3T9	1151
A0A2I6SBT0	302
A0A2I6TDN0	304
A0A2I7QK01	305
A0A2I7QK01	16
A0A2I7QK01	35
A0A2I7QK01	64
A0A2I7QK01	81
A0A2I7QK01	82
A0A2I7QK01	127
A0A2I7QK01	163
A0A2I7QK01	169
A0A2I7QK01	191
A0A2I7QK01	298
A0A2I7QK01	312
A0A2I7QK01	326
A0A2I7QK01	372
A0A2I7QK01	376
A0A2I7QK01	399
A0A2I7QK01	404
A0A2I7QK01	423
A0A2I7QK01	477
A0A2I7QK01	479
A0A2I7QK01	513
A0A2I7QK01	695
A0A2I7QK01	716
A0A2I7QK01	737
A0A2I7QK01	1049
A0A2I7QK01	1093
A0A2I7QK01	1214
A0A2I7QK01	1217
A0A2I7QK01	1303
A0A2I7QK01	1347
A0A2I7QK01	1378
A0A2I7QK01	1429
A0A2I7QK01	1450
A0A2I7QK01	1542
A0A2I7QK01	1543
A0A2I7QK01	1556
A0A2I7QK01	1563
A0A2I7QK01	1564
A0A2I7QK01	1585
A0A2I7QK01	1591
A0A2I7QK01	1608
A0A2I7QK01	1706
A0A2I7QK01	1712
A0A2I7QR38	308
A0A2I7R5V8	309
A0A2I7RBG1	310
A0A2I7RBG1	247
A0A2I7RBG1	1501
A0A2I7RKN5	311
A0A2I7RYF5	313
A0A2I7RYH6	314
A0A2I7S093	315
A0A2K9VHV0	322
A0A2K9VSF9	323
A0A2L1FE84	325
A0A2L2DP39	328
A0A2L2Q9H8	329
A0A2L2QBU3	330
A0A2P0N9U5	332
A0A2P0VNQ4	336
A0A2P0VNQ4	316
A0A2P0VNQ4	388
A0A2P0VNQ4	559
A0A2P0VNQ4	1485
A0A2P0VNQ4	1331
A0A2P0VNQ4	1401
A0A2P1GNG2	346
A0A2P1GNG2	345
A0A2P1GNG2	653
A0A2P1GNG2	392
A0A2P1GNG2	1273
A0A2P1GNG2	464
A0A2P1GNG2	1296
A0A2P1GNI2	347
A0A2P1GNX3	348
A0A2P1GNX3	23
A0A2P1HA13	349
A0A2P1JRK0	350
A0A2P1N089	353
A0A2R2XF82	354
A0A2R4SC63	355
A0A2R4UKI4	356
A0A2R8FFR7	359
A0A2S0SZ38	360
A0A2S0SZ38	615
A0A2S1FYN1	361
A0A2S1FYN1	175
A0A2S1FYN1	1705
A0A2S1GLS3	362
A0A2U7NJI5	364
A0A2U7U9S5	365
A0A2U7UBT9	367
A0A2U7UD14	369
A0A2U7UDI6	370
A0A2U7UET6	371
A0A2Z4H7Z5	374
A0A2Z4Q479	375
A0A345AYQ5	378
A0A345BQT7	381
A0A345BRF5	382
A0A345MLN9	386
A0A345MN34	387
A0A345MPH1	390
A0A345MR81	391
A0A345MS63	393
A0A345MUK2	394
A0A345MUK2	281
A0A345MUV8	396
A0A345MVZ6	398
A0A345MXJ6	400
A0A345MY82	402
A0A345MYY9	403
A0A345N3B1	405
A0A345N3Z4	406
A0A345N4A1	407
A0A345N4R4	408
A0A345N5G4	409
A0A345N778	410
A0A346FDA4	411
A0A346I7J1	414
A0A384UGZ4	416
A0A384WWT1	418
A0A384WWT1	493
A0A384ZS77	419
A0A385DTB9	421
A0A385E2U9	422
A0A385E6B2	424
A0A385UEB1	428
A0A385XTT8	429
A0A3G2KJ71	433
A0A3G2YTF0	435
A0A3G2YTL9	436
A0A3G3BWK5	437
A0A3G3MBV7	438
A0A3G4ZKF6	440
A0A3G4ZP55	442
A0A3G4ZPQ9	446
A0A3G4ZQ02	447
A0A3G4ZSK2	450
A0A3G4ZSK2	798
A0A3G4ZT05	452
A0A3G4ZUR5	458
A0A3G4ZUT7	460
A0A3G4ZUT7	777
A0A3G4ZUT7	1625
A0A3G4ZUT7	1156
A0A3G4ZUT7	673
A0A3G4ZUT7	1511
A0A3G4ZW51	462
A0A3G4ZXW4	463
A0A3G4ZXW4	1461
A0A3G5A083	466
A0A3G5A6N2	486
Q45PU9	1600
Q52UP1	1603
Q56EH0	1604
Q66048	1609
Q67052	1610
Q69106	1612
Q69242	1613
Q6KF16	1616
Q6KGE3	1617
Q6KGF5	1618
Q6VSY0	1619
Q6XM65	1621
Q71TE5	1623
Q7T9Y8	1624
Q7Y5I7	1626
Q7Y5L6	1627
Q83105	1630
Q84434	1631
Q84536	1632
Q84545	1633
Q854W0	1635
Q8H9Y6	1639
Q8JS36	1640
Q8QS76	1642
Q8SC40	1643
Q8SC75	1644
Q8UZJ9	1645
Q8V9R8	1646
Q8VAB7	1647
Q8VBE0	1648
Q91BC9	1649
Q91BC9	66
Q91BC9	457
Q91BC9	193
Q91BC9	214
Q91BC9	327
Q91BC9	465
Q91BC9	470
Q91BC9	475
Q91BC9	578
Q91BC9	1162
Q91BC9	1270
Q91BC9	1525
Q91BC9	1629
Q91BC9	946
Q91BC9	1184
Q91EQ2	1650
Q91G89	1651
Q91G95	1652
Q94MU6	1653
Q94MU6	8
Q94MU6	39
Q99H51	1655
Q9DW36	1658
Q9E4B7	1659
Q9E8W8	1660
Q9IR89	1662
Q9PZ46	1664
Q9T1S3	1666
R4IFA0	1668
R4TM70	1671
R9RHA6	1673
R9RZ79	1674
R9TQH4	1675
R9TQH4	22
R9TQH4	38
R9TQH4	73
R9TQH4	147
R9TQH4	303
R9TQH4	397
R9TQH4	431
R9TQH4	1164
R9TQH4	1224
R9TQH4	1373
R9VX76	1676
S4VP33	1678
S4VP33	30
S4VP33	1488
S4VP33	1521
S4VW82	1680
S5DMQ9	1683
S5MPW2	1685
S5VMA1	1687
S5VMA1	106
S6ATU7	1690
T2C5F8	1691
T2C5F8	1090
T2C5F8	1278
U3GV66	1692
U5NIS9	1696
U5NIS9	1126
U5NIS9	1365
U5NIS9	1606
U5XK27	1697
U5XNC4	1698
UPI000009AE93	1699
UPI000009AE93	618
UPI000009AE93	854
A0A3G5AFV1	502
A0A3G5AGB6	506
A0A3G5AGD6	507
A0A3G5AH98	510
A0A3G5AJZ0	520
A0A3G5BHE1	524
A0A3G8FID9	525
A0A3Q8Q3U2	526
A0A3Q8Q3U2	1110
A0A3Q8Q3U2	430
A0A3Q8Q3U2	893
A0A3Q8Q3U2	1363
A0A3Q8Q3U2	1469
A0A3Q8Q3U2	1011
A0A3Q8Q3U2	484
A0A3Q8Q3U2	478
A0A3Q8Q3U2	763
A0A3Q8Q3U2	41
A0A3Q8Q3U2	184
A0A3Q8Q3U2	245
A0A3Q8Q3U2	285
A0A3Q8Q3U2	300
A0A3Q8Q3U2	872
A0A3Q8Q3U2	876
A0A3Q8Q3U2	921
A0A3Q8Q3U2	1017
A0A3Q8Q3U2	1120
A0A3Q8Q3U2	1324
A0A3Q8Q3U2	809
A0A3Q8Q3U2	1577
A0A3Q8Q3U2	1349
A0A3Q8Q3U2	731
A0A3Q8Q3U2	286
A0A3Q8Q3U2	205
A0A3Q8Q3U2	1445
A0A3Q8Q3U2	476
A0A3Q8Q3U2	188
A0A3Q8Q3U2	1468
A0A3Q8Q3U2	580
A0A3Q8Q3U2	743
A0A3Q8Q3U2	805
A0A3Q8Q3U2	655
A0A3Q8Q3U2	1552
A0A3Q8Q3U2	1559
A0A3Q8Q3U2	909
A0A3Q8Q3U2	1514
A0A3Q8Q3U2	1641
A0A3Q8Q3U2	1709
A0A3Q8Q3U2	115
A0A3Q8Q3U2	668
A0A3Q8Q3U2	119
A0A3Q8Q3U2	1259
A0A3Q8Q3U2	757
A0A3Q8Q3U2	1075
A0A3Q8Q3U2	1292
A0A3Q8Q3U2	1402
A0A3Q8Q3U2	1444
A0A3Q8Q3U2	1622
A0A3Q8Q3U2	203
A0A3Q8Q3U2	219
A0A3Q8Q3U2	1002
A0A3Q8Q3U2	981
A0A3Q8Q3U2	1064
A0A3Q8Q3U2	1615
A0A3Q8Q3U2	1573
A0A3Q8Q3U2	1119
A0A3Q8Q3U2	289
A0A3Q8Q3U2	97
A0A3Q8Q3U2	102
A0A3Q8Q3U2	331
A0A3Q8Q3U2	515
A0A3Q8Q3U2	621
A0A3Q8Q3U2	671
A0A3Q8Q3U2	742
A0A3Q8Q3U2	942
A0A3Q8Q3U2	975
A0A3Q8Q3U2	1089
A0A3Q8Q3U2	1109
A0A3Q8Q3U2	1155
A0A3Q8Q3U2	1174
A0A3Q8Q3U2	1458
A0A3Q8Q3U2	1466
A0A3Q8Q3U2	733
A0A3Q8Q3U2	197
A0A3Q8Q3U2	686
A0A3Q8Q3U2	811
A0A3Q8Q3U2	1670
A0A3Q8Q3U2	890
A0A3Q8Q3U2	445
A0A3Q8Q3U2	1246
A0A3Q8Q3U2	903
A0A3Q8Q3U2	919
A0A3Q8Q3U2	1067
A0A3Q8Q3U2	1225
A0A3Q8Q3U2	967
A0A3Q8Q3U2	61
A0A3Q8Q3U2	380
A0A3Q8Q3U2	988
A0A3Q8Q3U2	1544
A0A3Q8Q3U2	1038
A0A3Q8Q3U2	1032
A0A3Q8Q3U2	1042
A0A3Q8Q3U2	96
A0A3Q8Q3U2	1717
A0A3Q8Q3U2	21
A0A3Q8Q3U2	178
A0A3Q8Q3U2	377
A0A3Q8Q3U2	541
A0A3Q8Q3U2	573
A0A3Q8Q3U2	1499
A0A3Q8Q3U2	1582
A0A3Q8Q3U2	1637
A0A3Q8Q3U2	1663
A0A3Q8Q3U2	565
A0A3Q8Q3U2	729
A0A3Q8Q3U2	13
A0A3Q8Q3U2	1096
A0A3Q8Q3U2	1490
A0A3Q8Q3U2	823
A0A3Q8Q3U2	357
A0A3Q8Q3U2	692
A0A3Q8Q3U2	690
A0A3Q8Q3U2	1177
A0A3Q8Q3U2	852
A0A3Q8Q3U2	143
A0A3Q8Q3U2	861
A0A3Q8Q3U2	945
A0A3Q8Q3U2	950
A0A3Q8Q3U2	860
A0A3Q8Q3U2	881
A0A3Q8Q3U2	101
A0A3Q8Q3U2	806
A0A3Q8Q3U2	843
A0A3Q8Q3U2	993
A0A3Q8Q3U2	867
A0A3Q8Q3U2	941
A0A3Q8Q3U2	284
A0A3Q8Q3U2	726
A0A3Q8Q3U2	1004
A0A3Q8Q3U2	709
A0A3Q8Q3U2	1023
A0A3Q8Q3U2	334
A0A3Q8Q3U2	549
A0A3Q8Q3U2	166
A0A3Q8Q3U2	740
A0A3Q8Q3U2	1229
A0A3Q8Q3U2	732
A0A3Q8Q3U2	857
A0A3Q8Q3U2	869
A0A3Q8Q3U2	1040
A0A3Q8Q3U2	864
A0A3Q8Q3U2	1034
A0A3Q8Q3U2	1688
A0A3Q8Q3U2	47
A0A3Q8Q3U2	1047
A0A3Q8Q3U2	76
A0A3Q8Q3U2	131
A0A3Q8Q3U2	610
A0A3Q8Q3U2	907
A0A3Q8Q3U2	934
A0A3Q8Q3U2	512
A0A3Q8Q3U2	264
A0A3Q8Q3U2	290
A0A3Q8Q3U2	317
A0A3Q8Q3U2	459
A0A3Q8Q3U2	523
A0A3Q8Q3U2	682
A0A3Q8Q3U2	683
A0A3Q8Q3U2	1383
A0A3Q8Q3U2	1661
A0A3Q8Q3U2	1048
A0A3Q8Q3U2	1057
A0A3Q8Q3U2	787
A0A3Q8Q3U2	495
A0A3Q8Q3U2	1192
A0A3Q8Q3U2	107
A0A3Q8Q3U2	637
A0A3Q8Q3U2	1060
A0A3Q8Q3U2	40
A0A3Q8Q3U2	902
A0A3Q8Q3U2	1039
A0A3Q8Q3U2	1169
A0A3Q8Q3U2	607
A0A3Q8Q3U2	1248
A0A3Q8Q3U2	985
A0A3Q8Q3U2	551
A0A3Q8Q3U2	856
A0A3Q8Q3U2	897
A0A3Q8Q3U2	1475
A0A3Q8Q3U2	1470
A0A3Q8Q3U2	282
A0A3Q8Q3U2	1574
A0A3Q8Q3U2	444
A0A3Q8Q3U2	1205
A0A3Q8Q3U2	1245
A0A3Q8Q3U2	1329
A0A3Q8Q3U2	1516
A0A3Q8Q3U2	1605
A0A3Q8Q3U2	1472
A0A3Q8Q3U2	1474
A0A3Q8Q3U2	885
A0A3Q8Q3U2	963
A0A3Q8Q3U2	1228
A0A3Q8Q3U2	246
A0A3Q8Q3U2	287
A0A3Q8Q3U2	321
A0A3Q8Q3U2	182
A0A3Q8Q3U2	758
A0A3Q8Q3U2	939
A0A3Q8Q3U2	146
A0A3Q8Q3U2	1352
A0A3Q8Q3U2	283
A0A3Q8Q3U2	755
A0A3Q8Q3U2	586
A0A3Q8Q3U2	602
A0A3Q8Q3U2	748
A0A3Q8Q3U2	751
A0A3Q8Q3U2	1107
A0A3Q8Q3U2	676
A0A3Q8Q3U2	1014
A0A3Q8Q3U2	1348
A0A3Q8Q3U2	1467
A0A3Q8Q3U2	509
A0A3Q8Q3U2	1084
A0A3Q8Q3U2	1325
A0A3Q8Q3U2	1571
A0A3Q8Q3U2	1280
A0A3Q8Q3U2	1281
A0A3Q8Q3U2	1134
A0A3Q8Q3U2	906
A0A3Q8Q3U2	78
A0A3Q8Q3U2	688
A0A3Q8Q3U2	972
A0A3Q8Q3U2	1076
A0A3Q8Q3U2	1507
A0A3Q8Q3U2	455
A0A3Q8Q3U2	1601
A0A3Q8Q3U2	425
A0A3Q8Q3U2	206
A0A3Q8Q3U2	230
A0A3Q8Q3U2	291
A0A3Q8Q3U2	561
A0A3Q8Q3U2	212
A0A3Q8Q3U2	383
A0A3Q8Q3U2	427
A0A3Q8Q3U2	747
A0A3Q8Q3U2	1419
A0A3Q8Q3U2	1436
A0A3Q8Q3U2	1656
A0A3Q8Q3U2	964
A0A3Q8Q3U2	991
A0A3Q8Q3U2	670
A0A3Q8Q3U2	957
A0A3Q8Q3U2	1580
A0A3Q8Q3U2	187
A0A3Q8Q3U2	412
A0A3Q8Q3U2	846
A0A3Q8Q3U2	1037
A0A3Q8Q3U2	1072
A0A3Q8Q3U2	1092
A0A3Q8Q3U2	1117
A0A3Q8Q3U2	1122
A0A3Q8Q3U2	1578
A0A3Q8Q3U2	340
A0A3Q8Q3U2	221
A0A3Q8Q3U2	1260
A0A3Q8Q3U2	89
A0A3Q8Q3U2	948
A0A3Q8Q3U2	1051
A0A3Q8Q3U2	1251
A0A3Q8Q3U2	1053
A0A3Q8Q3U2	714
A0A3Q8Q3U2	899
A0A3Q8Q3U2	1054
A0A3Q8Q3U2	1719
A0A3Q8Q3U2	1250
A0A3Q8Q3U2	49
A0A3Q8Q3U2	774
A0A3Q8Q3U2	943
A0A3Q8Q3U2	1515
A0A3Q8Q3U2	1533
A0A3Q8Q3U2	1677
A0A3Q8Q3U2	915
A0A3Q8Q3U2	1393
A0A3Q8Q3U2	1253
A0A3Q8Q3U2	656
A0A3Q8Q3U2	185
A0A3Q8Q3U2	239
A0A3Q8Q3U2	735
A0A3Q8Q3U2	838
A0A3Q8Q3U2	773
A0A3Q8Q3U2	734
A0A3Q8Q3U2	767
A0A3Q8Q3U2	855
A0A3Q8Q3U2	951
A0A3Q8Q3U2	970
A0A3Q8Q3U2	1171
A0A3Q8Q3U2	1404
A0A3Q8Q3U2	1718
A0A3Q8Q3U2	100
A0A3Q8Q3U2	95
A0A3Q8Q3U2	505
A0A3Q8Q3U2	1183
A0A3Q8Q3U2	603
A0A3Q8Q3U2	554
A0A3Q8Q3U2	606
A0A3Q8Q3U2	711
A0A3Q8Q3U2	454
A0A3Q8Q3U2	548
A0A3Q8Q3U2	721
A0A3Q8Q3U2	584
A0A3Q8Q3U2	626
A0A3Q8Q3U2	222
A0A3Q8Q3U2	718
A0A3Q8Q3U2	878
A0A3Q8Q3U2	1104
A0A3Q8Q3U2	968
A0A3Q8Q3U2	1031
A0A3Q8Q3U2	1058
A0A3Q8Q3U2	722
A0A3Q8Q3U2	1473
A0A3Q8Q3U2	1704
A0A3Q8Q3U2	873
A0A3Q8Q3U2	886
A0A3Q8Q3U2	519
A0A3Q8Q3U2	288
A0A3Q8Q3U2	685
A0A3Q8Q3U2	385
A0A3Q8Q3U2	449
A0A3Q8Q3U2	1439
A0A3Q8Q3U2	1071
A0A3Q8Q3U2	1138
A0A3Q8Q3U2	1500
A0A3Q8Q3U2	969
A0A3Q8Q3U2	605
A0A3Q8Q3U2	693
A0A3Q8Q3U2	1036
A0A3Q8Q3U2	1247
A0A3Q8Q3U2	228
A0A3Q8Q3U2	42
A0A3Q8Q3U2	94
A0A3Q8Q3U2	103
A0A3Q8Q3U2	104
A0A3Q8Q3U2	114
A0A3Q8Q3U2	192
A0A3Q8Q3U2	211
A0A3Q8Q3U2	132
A0A3Q8Q3U2	472
A0A3Q8Q3U2	930
A0A3Q8Q3U2	1628
A0A3Q8Q3U2	297
A0A3Q8Q3U2	306
A0A3Q8Q3U2	1364
A0A3Q8Q3U2	441
A0A3Q8Q3U2	741
A0A3Q8Q3U2	744
A0A3Q8Q3U2	496
A0A3Q8Q3U2	339
A0A3Q8Q3U2	358
A0A3Q8Q3U2	500
A0A3Q8Q3U2	501
A0A3Q8Q3U2	516
A0A3Q8Q3U2	553
A0A3Q8Q3U2	1576
A0A3Q8Q3U2	568
A0A3Q8Q3U2	569
A0A3Q8Q3U2	12
A0A3Q8Q3U2	814
A0A3Q8Q3U2	841
A0A3Q8Q3U2	581
A0A3Q8Q3U2	98
A0A3Q8Q3U2	299
A0A3Q8Q3U2	504
A0A3Q8Q3U2	594
A0A3Q8Q3U2	571
A0A3Q8Q3U2	589
A0A3Q8Q3U2	592
A0A3Q8Q3U2	595
A0A3Q8Q3U2	880
A0A3Q8Q3U2	1681
A0A3Q8Q3U2	684
A0A3Q8Q3U2	813
A0A3Q8Q3U2	83
A0A3Q8Q3U2	739
A0A3Q8Q3U2	840
A0A3Q8Q3U2	839
A0A3Q8Q3U2	874
A0A3Q8Q3U2	882
A0A3Q8Q3U2	932
A0A3Q8Q3U2	307
A0A3Q8Q3U2	728
A0A3Q8Q3U2	904
A0A3Q8Q3U2	938
A0A3Q8Q3U2	1078
A0A3Q8Q3U2	1099
A0A3Q8Q3U2	1125
A0A3Q8Q3U2	113
A0A3Q8Q3U2	490
A0A3Q8Q3U2	1420
A0A3Q8Q3U2	1558
A0A3Q8Q3U2	1484
A0A3Q8Q3U2	1094
A0A3Q8Q3U2	443
A0A3Q8Q3U2	1465
A0A3Q8Q3U2	1007
A0A3Q8Q3U2	1082
A0A3Q8Q3U2	712
A0A3Q8Q3U2	1196
A0A3Q8Q3U2	190
A0A3Q8Q3U2	687
A0A3Q8Q3U2	1065
A0A3Q8Q3U2	249
A0A3Q8Q3U2	558
A0A3Q8Q3U2	916
A0A3Q8Q3U2	681
A0A3Q8Q3U2	575
A0A3Q8Q3U2	88
A0A3Q8Q3U2	195
A0A3Q8Q3U2	210
A0A3Q8Q3U2	448
A0A3Q8Q3U2	200
A0A3Q8Q3U2	566
A0A3Q8Q3U2	871
A0A3Q8Q3U2	1024
A0A3Q8Q3U2	1506
A0A3Q8Q3U2	832
A0A3Q8Q3U2	1715
A0A3Q8Q3U2	213
A0A3Q8Q3U2	1059
A0A3Q8Q3U2	468
A0A3Q8Q3U2	720
A0A3Q8Q3U2	815
A0A3Q8Q3U2	1561
A0A3Q8Q3U2	1567
A0A3Q8Q3U2	1487
A0A3Q8Q3U2	1510
A0A3Q8Q3U2	810
A0A3Q8Q3U2	745
A0A3Q8Q3U2	579
A0A3Q8Q3U2	870
A0A3Q8Q3U2	900
A0A3Q8Q3U2	894
A0A3Q8Q3U2	483
A0A3Q8Q3U2	923
A0A3Q8Q3U2	997
A0A3Q8Q3U2	1568
A0A3Q8Q3U2	1025
A0A3Q8Q3U2	705
A0A3Q8Q3U2	133
A0A3Q8Q3U2	715
A0A3Q8Q3U2	194
A0A3Q8Q3U2	1098
A0A3Q8Q3U2	977
A0A3Q8Q3U2	1077
A0A3Q8Q3U2	1140
A0A3Q8Q3U2	514
A0A3Q8Q3U2	415
A0A3Q8Q3U2	675
A0A3Q8Q3U2	522
A0A3Q8Q3U2	453
A0A3Q8Q3U2	499
A0A3Q8Q3U2	707
A0A3Q8Q3U2	1689
A0A3Q8Q3U2	1003
A0A3Q8Q3U2	546
A0A3Q8Q3U2	564
A0A3Q8Q3U2	884
A0A3Q8Q3U2	503
A0A3Q8Q3U2	1508
A0A3Q8Q3U2	829
A0A3Q8Q3U2	552
A0A3Q8Q3U2	1579
A0A3Q8Q3U2	576
A0A3Q8Q3U2	220
A0A3Q8Q3U2	582
A0A3Q8Q3U2	790
A0A3Q8Q3U2	176
A0A3Q8Q3U2	237
A0A3Q8Q3U2	243
A0A3Q8Q3U2	426
A0A3Q8Q3U2	1581
A0A3Q8Q3U2	1590
A0A3Q8Q3U2	953
A0A3Q8Q3U2	257
A0A3Q8Q3U2	868
A0A3Q8Q3U2	1015
A0A3Q8Q3U2	1359
A0A3Q8Q3U2	432
A0A3Q8Q3U2	895
A0A3Q8Q3U2	1356
A0A3Q8Q3U2	1334
A0A3Q8Q3U2	373
A0A3Q8Q3U2	467
A0A3Q8Q3U2	207
A0A3Q8Q3U2	258
A0A3Q8Q3U2	319
A0A3Q8Q3U2	492
A0A3Q8Q3U2	666
A0A3Q8Q3U2	691
A0A3Q8Q3U2	1106
A0A3Q8Q3U2	1197
A0A3Q8Q3U2	803
A0A3Q8Q3U2	905
A0A3Q8Q3U2	1335
A0A3Q8Q3U2	956
A0A3Q8Q3U2	544
A0A3Q8Q3U2	689
A0A3Q8Q3U2	144
A0A3Q8Q3U2	204
A0A3Q8Q3U2	491
A0A3Q8Q3U2	719
A0A3Q8Q3U2	844
A0A3Q8Q3U2	337
A0A3Q8Q3U2	598
A0A3Q8Q3U2	879
A0A3Q8Q3U2	1276
A0A3Q8Q3U2	756
A0A3Q8Q3U2	181
A0A3Q8Q3U2	776
A0A3Q8Q3U2	845
A0A3Q8Q3U2	865
A0A3Q8Q3U2	1095
A0A3Q8Q3U2	1139
A0A3Q8Q3U2	1227
A0A3Q8Q3U2	989
A0A3Q8Q3U2	1589
A0A3Q8Q3U2	456
A0A3Q8Q3U2	186
A0A3Q8Q3U2	179
A0A3Q8Q3U2	320
A0A3Q8Q3U2	494
A0A3Q8Q3U2	601
A0A3Q8Q3U2	1118
A0A3Q8Q3U2	1121
A0A3Q8Q3U2	335
A0A3Q8Q3U2	473
A0A3Q8Q3U2	574
A0A3Q8Q3U2	604
A0A3Q8Q3U2	511
A0A3Q8Q3U2	752
A0A3Q8Q3U2	1249
A0A3Q8Q3U2	1288
A0A3Q8Q3U2	1010
A0A3Q8Q3U2	1226
A0A3Q8Q3U2	1557
A0A3Q8Q3U2	1602
A0A3Q8Q3U2	1669
A0A3Q8Q3U2	1339
A0A3Q8Q3U2	9
A0A3Q8Q3U2	1313
A0A3Q8Q3U2	1694
A0A3Q8Q3U2	481
A0A3Q8Q3U2	223
A0A3Q8Q3U2	229
A0A3Q8Q3U2	498
A0A3Q8Q3U2	518
A0A3Q8Q3U2	572
A0A3Q8Q3U2	596
A0A3Q8Q3U2	944
A0A3Q8Q3U2	1027
A0A3Q8Q3U2	1494
A0A3Q8Q3U2	139
A0A3Q8Q3U2	420
A0A3Q8Q3U2	301
A0A3Q8Q3U2	224
A0A3Q8Q3U2	469
A0A3Q8Q3U2	74
A0A3Q8Q3U2	439
A0A3Q8Q3U2	547
A0A3Q8Q3U2	587
A0A3Q8Q3U2	710
A0A3Q8Q3U2	749
A0A3Q8Q3U2	487
A0A3Q8Q3U2	485
A0A3Q8Q3U2	488
A0A3Q8Q3U2	517
A0A3Q8Q3U2	560
A0A3Q8Q3U2	736
A0A3Q8Q3U2	1124
A0A3Q8Q3U2	1471
A0A3Q8Q3U2	489
A0A3Q8Q3U2	577
A0A3Q8Q3U2	521
A0A3Q8Q3U2	1252
A0A3Q8Q3U2	901
A0A3Q8Q3U2	898
A0A3Q8Q3U2	973
A0A3Q8Q3U2	1328
A0A3Q8Q3U2	1044
A0A3Q8Q3U2	1137
A0A3Q8Q3U2	1330
A0A3Q8Q3U2	482
A0A3Q8Q3U2	583
A0A3Q8Q3U2	1562
A0A3Q8Q3U2	922
A0A3Q8Q3U2	1263
A0A3Q8Q3U2	461
A0A3Q8Q3U2	848
A0A3Q8Q3U2	892
A0A3Q8Q3U2	1455
A0A3Q8Q3U2	1503
A0A3T0ID53	529
A0A3T1CXE0	531
A0A3T1CXE0	1620
A0A3T1CXE0	152
A0A3T1CXE0	807
A0A401IPP5	532
A0A401IPP5	1097
A0A401IPP5	1150
A0A410T5A4	533
A0A410T5Q3	534
A0A410T835	536
A0A410TDX1	537
A0A410TDX1	631
A0A410TDX1	1452
A0A411D364	538
A0A411D364	234
A0A411D364	27
A0A411D364	105
A0A411D364	480
A0A411D364	341
A0A411D364	318
A0A411D364	1261
A0A411D364	157
A0A411D364	158
A0A411D364	198
A0A411D364	527
A0A411D364	754
A0A411D364	401
A0A481TCC7	539
A0A481TMS1	540
A0A481V9W5	542
A0A481W668	543
A0A481YP05	545
A0A481YWB2	557
A0A481YYA9	562
A0A481YYA9	29
A0A481YYA9	1657
A0A481Z0J1	567
A0A481Z1I6	570
A0A481Z5T9	585
A0A481Z5T9	92
A0A481Z5T9	180
A0A481Z5T9	959
A0A481Z5T9	1693
A0A481Z6N1	591
A0A481Z8I9	597
A0A5C2ICN4	700
A0A5H2WYZ6	701
A0A5H2WYZ6	627
A0A5J6B5G2	702
A0A5J6TE30	703
A0A5J6TEV1	704
A0A5J6TR12	706
A0A5J6TVW1	708
A0A5J6TVW1	251
A0A5J6VKC1	724
A0A5K0U7A3	738
A0A5K0U7A3	1035
A0A5K0U7A3	1385
A0A5K0UA04	750
A0A5K0UA04	344
A0A5P9PAN9	759
A0A5P9U6N1	760
A0A5Q0TWE6	761
A0A5Q2F7N2	764
A0A5Q2F871	765
A0A5Q2F871	368
A0A5Q2F871	1355
A0A5Q2F871	1397
A0A5Q2F871	1636
A0A5Q2W5J0	768
A0A5Q2W5J0	80
A0A5Q2W5W6	769
A0A5Q2W6H0	771
A0A5S9HXY7	778
A0A5S9HXY7	952
A0A649VK83	779
A0A650EDF5	780
A0A650EES4	781
A0A650EES4	122
A0A650EES4	160
A0A650EES4	199
A0A650EES4	233
A0A650EES4	389
A0A650EES4	1389
A0A650EES4	1447
A0A650EIE4	782
A0A679FDZ4	783
A0A679FDZ4	338
A0A679FDZ4	417
A0A679FDZ4	654
A0A679FDZ4	1116
A0A679FDZ4	1672
A0A679FDZ4	384
A0A679FDZ4	1131
A0A679FDZ4	1367
A0A679FDZ4	1532
A0A6B7ER45	784
A0A6B7ZF63	785
A0A6B7ZF63	471
A0A6B9HLD8	786
A0A6B9J9M0	788
A0A6B9JCB7	789
A0A6B9SVF6	791
A0A6C0PJT9	793
A0A6C0PK10	794
A0A6C0PKW3	795
A0A6C0RTE6	796
A0A6G5XYV5	797
A0A6G5XYV5	111
A0A6G5XYV5	1396
A0A6G5XYV5	1708
A0A6G5XYV5	1336
A0A6G5XYV5	1454
A0A6G5XYV5	324
A0A6G5XYV5	1185
A0A6G5YAA1	799
A0A6N1NXA0	1100
A0A6S4PD04	1101
A0A6S4PD04	149
A0A6S4PG60	1102
A0A6S4PG60	971
A0A7D0GPX6	1105
A0A7D3QUT8	1111
A0A7D3R0A6	1115
A0A7D4W439	1127
A0A7D5AYT6	1128
A0A7D5BDG0	1130
A0A7D5Q5B8	1132
A0A7D5YYI6	1133
A0A7D7F3X6	1135
A0A7G3VX79	1142
A0A7G4AVR7	1143
A0A7G5AXC3	1144
A0A7G5B866	1145
A0A7G5CFX8	1146
A0A7G5M3D3	1148
A0A7G5M3N2	1149
A0A7G5M3N2	70
A0A7G5M3N2	72
A0A7G5M3N2	792
A0A7G5M3N2	821
A0A7G5M3N2	1560
A0A7G5M3N2	1614
A0A7G5M3N2	1686
A0A7G7R5I8	1152
A0A7G7S0G2	1153
A0A7G7S0G2	45
A0A7G7WWI8	1154
A0A7G8Z7T6	1158
A0A7G8Z7W2	1159
A0A7G9U7U7	1160
A0A7G9U873	1161
A0A7H0XFV9	1165
A0A7L8G4G5	1167
A0A7L9VUA0	1170
A0A7M1RVJ3	1172
A0A7M1RVJ3	1213
A0A7M1RVJ3	1724
A0A7M1S176	1173
A0A7S5QYG6	1178
A0A7S5QZ43	1179
A0A7S5RBT3	1181
A0A7S5RBT3	1702
A0A7S5RFJ1	1182
A0A7S5T4Y2	1186
A0A7S5T6G8	1187
A0A7S5UUX6	1189
A0A7S5VJ45	1190
A0A7S5VJ45	1141
A0A7S6NYZ1	1191
A0A7S7YEF1	1193
A0A7S7YEW8	1194
A0A7S7YEY5	1195
A0A7T0M3H1	1199
G4KKR1	1502
G4Y373	1504
G4YAB4	1505
G4YAB4	862
G8DG05	1509
G8DG05	608
G8DGQ1	1512
G8DGQ1	1667
G8DGR3	1513
G8EYE8	1517
G8H0P5	1518
G8ICI9	1519
G8XUL8	1520
H2ED42	1524
H2ED42	121
H6BJ42	1526
H6SU46	1527
H6SU46	148
H6SU46	535
H6UK46	1528
H7BVQ2	1529
H7BW97	1530
H7BW97	1607
H8ZJP9	1531
H9NC57	1534
H9NC57	556
H9NC57	831
H9NC57	1157
H9NC57	812
H9NC57	927
H9NC57	1596
H9NC57	1056
H9NC57	1021
H9NC57	1575
H9NC57	1611
H9NC57	727
H9NC57	1198
H9YTI2	1535
H9YTM7	1536
H9YTN4	1537
I3UKD1	1538
I3XLC4	1539
I4AZG1	1540
I4AZM9	1541
J7IK49	1545
J9PTY6	1546
J9PTY6	1338
J9PTY6	599
J9PTY6	137
J9PTY6	1498
J9PTY6	847
J9PTY6	837
J9PTY6	979
J9PTY6	1022
J9PTY6	1523
J9PTY6	1176
J9PTY6	725
J9PTY6	753
J9PTY6	1112
J9PTY6	216
J9PTY6	474
J9PTY6	1113
J9PTY6	497
J9PTY6	820
J9PTY6	1114
J9PTY6	1123
J9PTY6	1108
J9QGR4	1547
J9QGR4	196
J9QGR4	1700
K4IBL1	1548
K4IBL1	1265
K4JTF6	1549
K4RM63	1551
K4RM63	226
K4RM63	998
K4RM63	1052
K7YIP3	1553
L7TKD2	1554
M1HCE5	1555
M1I2J7	1565
M1ID59	1566
M4MCW6	1570
M4QMT3	1572
O70645	1583
O70646	1584
O90834	1586
O90834	1351
P0DJZ3	1587
P16746	1588
Q14W77	1592
Q196X1	1593
Q197D5	1594
Q197D5	6
Q197D5	1722
Q19Y27	1595
Q19Y27	75
Q2FAX3	1597
Q2NP50	1598
Q2PK53	1599
A0A6J5MKC1	911
A0A6J5MM67	912
A0A6J5MRJ7	914
A0A6J5MWB5	918
A0A6J5MWB5	913
A0A6J5N1M2	920
A0A6J5N5X6	924
A0A6J5N5Z7	925
A0A6J5N5Z7	110
A0A6J5N5Z7	90
A0A6J5N5Z7	333
A0A6J5N5Z7	1254
A0A6J5N5Z7	974
A0A6J5N5Z7	713
A0A6J5N5Z7	910
A0A6J5N5Z7	1714
A0A6J5N5Z7	936
A0A6J5N5Z7	717
A0A6J5N5Z7	730
A0A6J5N5Z7	917
A0A6J5N5Z7	958
A0A6J5N5Z7	990
A0A6J5N5Z7	1062
A0A6J5N5Z7	1682
A0A6J5N5Z7	1070
A0A6J5N5Z7	954
A0A6J5N5Z7	116
A0A6J5N6Z8	926
A0A6J5NBL1	928
A0A6J5NCQ5	929
A0A6J5NGH5	931
A0A6J5NHI6	933
A0A6J5NJY3	935
A0A6J5NLA8	937
A0A6J5P145	947
A0A6J5P4D5	949
A0A6J5PAP8	955
A0A6J5PEJ1	960
A0A6J5PIX6	961
A0A6J5PIX6	1030
A0A6J5PJ06	962
A0A6J5PKJ8	965
A0A6J5PNL4	966
A0A6J5Q4W2	976
A0A6J5Q7Q2	978
A0A6J5Q9S2	980
A0A6J5QDW6	982
A0A6J5QEA7	983
A0A6J5QJI8	984
A0A6J5QQA0	986
A0A6J5QSA4	987
A0A6J5R6F8	992
A0A6J5R9I0	994
A0A6J5RAS3	995
A0A6J5RJ15	996
A0A6J5RMC4	999
A0A8S5M2C8	1300
A0A8S5M340	1301
A0A8S5M340	434
A0A8S5M340	678
A0A8S5MEM9	1302
A0A8S5MGE8	1304
A0A8S5MN83	1306
A0A8S5MNS3	1307
A0A8S5MZV2	1308
A0A8S5NKD2	1309
A0A8S5NKJ7	1310
A0A8S5NLI4	1311
A0A8S5NQ82	1312
A0A8S5NQM6	1314
A0A8S5NW95	1315
A0A8S5NZF4	1316
A0A8S5P250	1317
A0A8S5P6K5	1318
A0A8S5P9F5	1319
A0A8S5P9Z6	1320
A0A8S5PFT2	1321
A0A8S5PKI4	1322
A0A8S5PM98	1323
A0A8S5PXL8	1326
A0A8S5PXU4	1327
A0A8S5Q512	1332
A0A8S5Q8R1	1333
A0A8S5Q8R1	766
A0A8S5QNQ9	1337
A0A8S5QV71	1340
A0A8S5QX22	1341
A0A8S5R927	1342
A0A8S5R9C1	1343
A0A8S5REP2	1344
A0A8S5RJV7	1345
A0A8S5RPZ6	1346
A0A8S5RPZ6	351
A0A8S5RPZ6	762
A0A8S5RZ57	1350
A0A8S5S606	1354
A0A8S5SC36	1358
A0A8S5SGS2	1360
A0A8S5SK41	1361
A0A8S5SL68	1362
A0A8S5SQS6	1366
A0A8S5SQS6	28
A0A8S5SWH7	1368
A0A8S5SXF6	1370
A0A8S5T883	1371
A0A8S5T918	1372
A0A8S5TCQ9	1374
A0A8S5THL4	1375
A0A8S5TJS5	1376
A0A8S5TKY8	1377
A0A8S5U2P6	1379
A0A8S5U3H4	1380
A0A8S5U3N8	1381
A0A8S5U5D9	1382
A0A8S5UB06	1384
A0A8S5UJ90	1386
A0A8S5UM23	1387
A0A8S5UM23	1223
A0A8S5UTM2	1388
A0A8S5UX27	1390
A0A8S5UZI2	1391
A0A8S5UZI2	588
A0A8S5V4Y0	1392
A0A8S5VBZ5	1394
A0A8S5VG77	1395
A0A8S5VK33	1398
A0A8S5VLH8	1399
A0A6J5RNE5	1000
A0A6J5RRI1	1001
A0A6J5S103	1005
A0A6J5S254	1006
A0A6J5S596	1008
A0A6J5S7S5	1009
A0A6J5SJA7	1016
A0A6J5SM90	1018
A0A6J5SRM5	1019
A0A6J5T0P8	1026
A0A6J5T1H5	1028
A0A6J5T248	1029
A0A6J5TBD3	1033
A0A6J7WNI4	1041
A0A6J7WNI4	1063
A0A6J7WNI4	342
A0A6J7WNI4	530
A0A6J7WNI4	1634
A0A6J7WNI4	550
A0A6J7WNI4	508
A0A6J7WNI4	1147
A0A6J7WNI4	1684
A0A6J7WNI4	889
A0A6J7WNI4	77
A0A6J7WNI4	173
A0A6J7WNI4	261
A0A6J7WNI4	363
A0A6J7WNI4	366
A0A6J7WNI4	669
A0A6J7WNI4	746
A0A6J7WNI4	1456
A0A6J7WNI4	1550
A0A6J7WNS0	1043
A0A6J7WQR1	1045
A0A6J7WQS9	1046
A0A6J7WU76	1050
A0A6J7WYG0	1055
A0A6J7X0D0	1061
A0A6J7X2L6	1066
A0A6J7X3X5	1068
A0A6J7X3X5	1305
A0A6J7X9M4	1073
A0A6J7XAR9	1074
A0A6J7XAR9	1180
A0A6M3GXQ9	1079
A0A6M3QSG1	1080
A0A6M3T6W3	1081
A0A6M6D8H2	1085
A0A6M6D8U0	1086
A0A6M9YZE7	1087
A0A6M9Z743	1088
A0A7T3KBT6	1200
A0A7U0G8P3	1201
A0A7U0G8P3	17
A0A7U0G8P3	48
A0A7U0G8P3	63
A0A7U0G8P3	69
A0A7U0G8P3	71
A0A7U0G8P3	159
A0A7U0G8P3	238
A0A7U0G8P3	555
A0A7U0G8P3	563
A0A7U0G8P3	590
A0A7U0G8P3	770
A0A7U0G8P3	1020
A0A7U0G8P3	1175
A0A7U0G8P3	1204
A0A7U0G8P3	1481
A0A7U0G8P3	1638
A0A7U0G8P3	723
A0A7U0GDB0	1202
A0A811A9Y5	1203
A0A811A9Y5	10
A0A811BN50	1206
A0A811BNU8	1208
A0A811BPX7	1209
A0A811BRP8	1210
A0A811BS71	1212
A0A858NMF7	1215
A0A873WDY6	1216
A0A873WH62	1219
A0A873WK92	1220
A0A873WNW9	1221
A0A873WVC0	1222
A0A886NI53	1230
A0A886NJ14	1231
A0A889IS03	1233
A0A893A813	1234
A0A894YVT4	1235
A0A894YVT4	413
A0A898KAR0	1236
A0A899IPN4	1238
A0A899IS56	1239
A0A899IUW1	1240
A0A899IVW5	1241
A0A8A1VF65	1242
A0A8A1VF65	1237
A0A8A4VDT2	1243
A0A8A4XCR7	1244
A0A8E5BER0	1255
A0A8E5CDK3	1256
A0A8E5K714	1257
A0A8E7FY84	1258
A0A8F3EBM3	1262
A0A8F4MX76	1264
A0A8F4MX76	161
A0A8F4MX76	273
A0A8F4MX76	1136
A0A8F4MX76	1291
A0A8F6AIG7	1266
A0A8F6UAD5	1267
A0A8F8KTN6	1268
A0A8F8KTN6	231
A0A8F8KTN6	1435
A0A8F8KTN6	1723
A0A8F8SLS9	1269
A0A8H2S9Z5	1271
A0A8J9R3F2	1272
A0A8J9R3F2	528
A0A8S0HUS8	1275
A0A8S0HYR6	1277
A0A8S0I019	1279
A0A8S0I259	1282
A0A8S0I4S0	1283
A0A8S0I4Y4	1284
A0A8S0I6U5	1285
A0A8S0I7Q0	1286
A0A8S0IA57	1287
A0A8S5L353	1289
A0A8S5L6H5	1290
A0A8S5LI72	1293
A0A8S5LIA1	1294
A0A8S5LJF1	1295
A0A8S5LSA7	1297
A0A8S5LU33	1298
A0A8S5LV27	1299
UPI001CE5E48C	1701
UPI001E6A9369	1703
UPI001EABAE1F	1707
UPI0023292C4E	1710
V5L5R3	1711
V5LQM3	1713
V9SFF3	1716
W6JLJ4	1720
W8NNK4	1721
X5L4P3	1726
X5L4P3	451
