source_path	destination_path	size_bytes	source_SHA256	category	scientific_purpose
/home/rahnn/260908_MiBG/analysis/bgcprophet_reference/README.md	/home/rahnn/projects/viral-gt-research-record/results/WP07_mibig_reference_atlas/published_reference/README.md	9271	ac6a268a9bc7f2c027723be537acda86ba6eecaf20cc4294f0484a0e878d5cd1	REPORT	published_reference: archived report evidence
/home/rahnn/260908_MiBG/analysis/bgcprophet_reference/scripts/analyze_reference.py	/home/rahnn/projects/viral-gt-research-record/scripts/archive/WP07_mibig_reference_atlas/published_reference/analyze_reference.py	18557	870ed6114b27a064fefe19ba3b244bdaf63eb417221deff176a665122358a98c	SCRIPT	Actual validated published_reference source; unchanged historical paths and logic
/home/rahnn/260908_MiBG/analysis/bgcprophet_reference/scripts/plot_umap_all_bgc_classes.py	/home/rahnn/projects/viral-gt-research-record/scripts/archive/WP07_mibig_reference_atlas/published_reference/plot_umap_all_bgc_classes.py	4814	41a8fa1a9674a18ef9872496d8eb409282ddd5ce28bd2cdb728245223c59c058	SCRIPT	Actual validated published_reference source; unchanged historical paths and logic
/home/rahnn/260908_MiBG/analysis/bgcprophet_reference/scripts/verify_and_summarize.py	/home/rahnn/projects/viral-gt-research-record/scripts/archive/WP07_mibig_reference_atlas/published_reference/verify_and_summarize.py	8014	2fec5b6ba8183a15bce972cf765e52ec65db5105df35634ea2e72c9cb55aa809	SCRIPT	Actual validated published_reference source; unchanged historical paths and logic
/home/rahnn/260908_MiBG/analysis/core_context_consensus_step3_20260911/README.md	/home/rahnn/projects/viral-gt-research-record/results/WP07_mibig_reference_atlas/consensus_ablation/README.md	19825	28b0c14aab57c4ed97ad74328808acf06bab09f8d6aa4b04afe84665667ef6d5	REPORT	consensus_ablation: archived report evidence
/home/rahnn/260908_MiBG/analysis/core_context_consensus_step3_20260911/scripts/common.py	/home/rahnn/projects/viral-gt-research-record/scripts/archive/WP07_mibig_reference_atlas/consensus_ablation/common.py	2247	ba15c9e1099652b699d6ca09d75d8f586f6cdb1a1146bc71f09fbb14e446a2e6	SCRIPT	Actual validated consensus_ablation source; unchanged historical paths and logic
/home/rahnn/260908_MiBG/analysis/core_context_consensus_step3_20260911/scripts/compare_knn.py	/home/rahnn/projects/viral-gt-research-record/scripts/archive/WP07_mibig_reference_atlas/consensus_ablation/compare_knn.py	6158	a8188715b24768b5328c010b980245e09d51e5cd76613ce826e456c24dbcd738	SCRIPT	Actual validated consensus_ablation source; unchanged historical paths and logic
/home/rahnn/260908_MiBG/analysis/core_context_consensus_step3_20260911/scripts/construct_consensus.py	/home/rahnn/projects/viral-gt-research-record/scripts/archive/WP07_mibig_reference_atlas/consensus_ablation/construct_consensus.py	4335	15890d70865388fc3b20bf0eccbb0b37b75dd105fdcd916852e06a81749ce2a8	SCRIPT	Actual validated consensus_ablation source; unchanged historical paths and logic
/home/rahnn/260908_MiBG/analysis/core_context_consensus_step3_20260911/scripts/geometry.py	/home/rahnn/projects/viral-gt-research-record/scripts/archive/WP07_mibig_reference_atlas/consensus_ablation/geometry.py	7217	37fd287dc1d2036ddc38555b2b44e62ce56d4e6e042058aab78288d47d6ded6e	SCRIPT	Actual validated consensus_ablation source; unchanged historical paths and logic
/home/rahnn/260908_MiBG/analysis/core_context_consensus_step3_20260911/scripts/preview_figures.py	/home/rahnn/projects/viral-gt-research-record/scripts/archive/WP07_mibig_reference_atlas/consensus_ablation/preview_figures.py	451	8d1089561ba3d36d20585ff2f94645968e6f33651500be64ee6e0f4b3834e4d4	SCRIPT	Actual validated consensus_ablation source; unchanged historical paths and logic
/home/rahnn/260908_MiBG/analysis/core_context_consensus_step3_20260911/scripts/run_analysis.sh	/home/rahnn/projects/viral-gt-research-record/scripts/archive/WP07_mibig_reference_atlas/consensus_ablation/run_analysis.sh	217	6a1e9437317dc6c6c5c07dc60275d3cc1532a8ac2f6273740277caaad5df09ba	SCRIPT	Actual validated consensus_ablation source; unchanged historical paths and logic
/home/rahnn/260908_MiBG/analysis/core_context_consensus_step3_20260911/scripts/validate_results.py	/home/rahnn/projects/viral-gt-research-record/scripts/archive/WP07_mibig_reference_atlas/consensus_ablation/validate_results.py	5989	7242a530d7bb587d2da522280f274e2d798de6dee0a2540982d7a6a1153b2046	SCRIPT	Actual validated consensus_ablation source; unchanged historical paths and logic
/home/rahnn/260908_MiBG/analysis/core_context_consensus_step3_20260911/scripts/write_report.py	/home/rahnn/projects/viral-gt-research-record/scripts/archive/WP07_mibig_reference_atlas/consensus_ablation/write_report.py	18453	6651c09b4bbf19beb11aa2c1d5b1fabb851adcb857e78e1f8582fa85f397b399	SCRIPT	Actual validated consensus_ablation source; unchanged historical paths and logic
/home/rahnn/260908_MiBG/analysis/noncore_context_mechanism_20260911/README.md	/home/rahnn/projects/viral-gt-research-record/results/WP07_mibig_reference_atlas/noncore_mechanism/README.md	23063	2c7c2af60240ba7135e6da5d4f3e35479a3ae1c32477c25b2d3635aa7d99f9c8	REPORT	noncore_mechanism: archived report evidence
/home/rahnn/260908_MiBG/analysis/noncore_context_mechanism_20260911/scripts/common.py	/home/rahnn/projects/viral-gt-research-record/scripts/archive/WP07_mibig_reference_atlas/noncore_mechanism/common.py	2632	4366bfb26437e9a8551962b0d1ce9316fe26d800f971ee909c98cffbadac24f1	SCRIPT	Actual validated noncore_mechanism source; unchanged historical paths and logic
/home/rahnn/260908_MiBG/analysis/noncore_context_mechanism_20260911/scripts/compare_consensus.py	/home/rahnn/projects/viral-gt-research-record/scripts/archive/WP07_mibig_reference_atlas/noncore_mechanism/compare_consensus.py	6487	d18a715d0d4b369158ae1bc4778ad1114bb77e5f0b4c684f009664050bd2d281	SCRIPT	Actual validated noncore_mechanism source; unchanged historical paths and logic
/home/rahnn/260908_MiBG/analysis/noncore_context_mechanism_20260911/scripts/mechanism.py	/home/rahnn/projects/viral-gt-research-record/scripts/archive/WP07_mibig_reference_atlas/noncore_mechanism/mechanism.py	7563	7898cfbae7cdeb72b5a394248e61103286d19a13eaee3c39819d5b8ab2f1034c	SCRIPT	Actual validated noncore_mechanism source; unchanged historical paths and logic
/home/rahnn/260908_MiBG/analysis/noncore_context_mechanism_20260911/scripts/plot_results.py	/home/rahnn/projects/viral-gt-research-record/scripts/archive/WP07_mibig_reference_atlas/noncore_mechanism/plot_results.py	5095	9ebe2614154804250f88e7ad62683f13f0db476d25c7bc9d463e8574dec14c31	SCRIPT	Actual validated noncore_mechanism source; unchanged historical paths and logic
/home/rahnn/260908_MiBG/analysis/noncore_context_mechanism_20260911/scripts/preview_figures.py	/home/rahnn/projects/viral-gt-research-record/scripts/archive/WP07_mibig_reference_atlas/noncore_mechanism/preview_figures.py	418	6c34c6229cb460de3615fc9d0cfb68609a751394599f2bd11586de07935fc3da	SCRIPT	Actual validated noncore_mechanism source; unchanged historical paths and logic
/home/rahnn/260908_MiBG/analysis/noncore_context_mechanism_20260911/scripts/reconstruct.py	/home/rahnn/projects/viral-gt-research-record/scripts/archive/WP07_mibig_reference_atlas/noncore_mechanism/reconstruct.py	4593	6c1e8ab41fbf5ae635b0e80c89fd71496ec4d81242d559977f55376cfb45a461	SCRIPT	Actual validated noncore_mechanism source; unchanged historical paths and logic
/home/rahnn/260908_MiBG/analysis/noncore_context_mechanism_20260911/scripts/run_analysis.sh	/home/rahnn/projects/viral-gt-research-record/scripts/archive/WP07_mibig_reference_atlas/noncore_mechanism/run_analysis.sh	221	21bb01986fe8487c2abf02e749ce584f0c59575d4730b078f4038edad59dd022	SCRIPT	Actual validated noncore_mechanism source; unchanged historical paths and logic
/home/rahnn/260908_MiBG/analysis/noncore_context_mechanism_20260911/scripts/validate.py	/home/rahnn/projects/viral-gt-research-record/scripts/archive/WP07_mibig_reference_atlas/noncore_mechanism/validate.py	5106	cefa2ef6f5ece5497a4df1ec1677c1f65e67fcb697fdea4c3a3cc8cdf1a7ae10	SCRIPT	Actual validated noncore_mechanism source; unchanged historical paths and logic
/home/rahnn/260908_MiBG/analysis/noncore_context_mechanism_20260911/scripts/write_report.py	/home/rahnn/projects/viral-gt-research-record/scripts/archive/WP07_mibig_reference_atlas/noncore_mechanism/write_report.py	20411	49e7fc1166d5b6086c57be1b032cf9755cd44a718428dfba21f71db6cfa42936	SCRIPT	Actual validated noncore_mechanism source; unchanged historical paths and logic
/home/rahnn/260908_MiBG/analysis/bgcprophet_reference/results/analysis_summary.json	/home/rahnn/projects/viral-gt-research-record/results/WP07_mibig_reference_atlas/published_reference/results/analysis_summary.json	2588	792e8300cc8c59858a72ef4034534ca0015f4a5b5a7ef8980f19f270760fc43e	TABLE	published_reference: archived results evidence
/home/rahnn/260908_MiBG/analysis/bgcprophet_reference/results/analysis_summary.tsv	/home/rahnn/projects/viral-gt-research-record/results/WP07_mibig_reference_atlas/published_reference/results/analysis_summary.tsv	222	3b0753a76031b8fc350944ad2553a981b685f9e2cf725cf6526a9c56331ea95d	TABLE	published_reference: archived results evidence
/home/rahnn/260908_MiBG/analysis/bgcprophet_reference/results/qc_summary.json	/home/rahnn/projects/viral-gt-research-record/results/WP07_mibig_reference_atlas/published_reference/results/qc_summary.json	324	78b593b40c4be28573f701b09512caa71c8312524966cd3df186da5a5346f7de	TABLE	published_reference: archived results evidence
/home/rahnn/260908_MiBG/analysis/bgcprophet_reference/results/qc_summary.tsv	/home/rahnn/projects/viral-gt-research-record/results/WP07_mibig_reference_atlas/published_reference/results/qc_summary.tsv	262	1fe4d63f08c2092cd2656a4e00b6d72f5e07ca5028dabc7fb0f488f0ec640521	TABLE	published_reference: archived results evidence
/home/rahnn/260908_MiBG/analysis/bgcprophet_reference/results/validation.tsv	/home/rahnn/projects/viral-gt-research-record/results/WP07_mibig_reference_atlas/published_reference/results/validation.tsv	656	7a5463a969d8b807a3284e520b4ee648ab8902052e82298a21380a2dc775a1b2	TABLE	published_reference: archived results evidence
/home/rahnn/260908_MiBG/analysis/bgcprophet_reference/results/independent_verification.tsv	/home/rahnn/projects/viral-gt-research-record/results/WP07_mibig_reference_atlas/published_reference/results/independent_verification.tsv	889	183b72fc27fe4666b93da286dbd6b6c4c756f59048724696344480dd9b97dad3	TABLE	published_reference: archived results evidence
/home/rahnn/260908_MiBG/analysis/bgcprophet_reference/results/saccharide_knn_summary.tsv	/home/rahnn/projects/viral-gt-research-record/results/WP07_mibig_reference_atlas/published_reference/results/saccharide_knn_summary.tsv	859	804f85fb49f6870eab93865f6271a78e8fc8f70fa1ad67d41df7b840786ae7cc	TABLE	published_reference: archived results evidence
/home/rahnn/260908_MiBG/analysis/bgcprophet_reference/results/stability_global_distribution.tsv	/home/rahnn/projects/viral-gt-research-record/results/WP07_mibig_reference_atlas/published_reference/results/stability_global_distribution.tsv	1428	a20fdf11b96c6d7a5265af418cbad0d0a6e7b3680aa4c6c14ff32154730f79e7	TABLE	published_reference: archived results evidence
/home/rahnn/260908_MiBG/analysis/bgcprophet_reference/results/pca_explained_variance.tsv	/home/rahnn/projects/viral-gt-research-record/results/WP07_mibig_reference_atlas/published_reference/results/pca_explained_variance.tsv	21481	8d2031d84c83c30c380b2baa87e4489a5d4a10c959be32b55749a357cae41103	TABLE	published_reference: archived results evidence
/home/rahnn/260908_MiBG/analysis/bgcprophet_reference/results/input_checksums.tsv	/home/rahnn/projects/viral-gt-research-record/results/WP07_mibig_reference_atlas/published_reference/results/input_checksums.tsv	898	b685bc79cf9ae11866dba0c47020b486f8d545039da6d2eac3d191c6db62991b	PROVENANCE	published_reference: archived results evidence
/home/rahnn/260908_MiBG/analysis/bgcprophet_reference/results/input_integrity_after.tsv	/home/rahnn/projects/viral-gt-research-record/results/WP07_mibig_reference_atlas/published_reference/results/input_integrity_after.tsv	1231	e59abbc80bfd127db25e9a8310749d9096d46d63bb34a628346dce14aa5ca52c	PROVENANCE	published_reference: archived results evidence
/home/rahnn/260908_MiBG/analysis/bgcprophet_reference/results/provenance_qc.json	/home/rahnn/projects/viral-gt-research-record/results/WP07_mibig_reference_atlas/published_reference/results/provenance_qc.json	2499	a1af91f1ec568d9de554c8de8b3a2160cb420b887e2ecfeab0c9bf80d4c225a6	PROVENANCE	published_reference: archived results evidence
/home/rahnn/260908_MiBG/analysis/bgcprophet_reference/results/provenance_downstream.json	/home/rahnn/projects/viral-gt-research-record/results/WP07_mibig_reference_atlas/published_reference/results/provenance_downstream.json	2515	e321e57db69410a9862baae472896c8de6f46a4e4a4941fcc3084c036cfbb8f3	PROVENANCE	published_reference: archived results evidence
/home/rahnn/260908_MiBG/analysis/bgcprophet_reference/results/verification_provenance.json	/home/rahnn/projects/viral-gt-research-record/results/WP07_mibig_reference_atlas/published_reference/results/verification_provenance.json	366	210d44152f95d50da8ca1dbaa1f2b069c3c5f71c6ee863e0c594b532e172750f	PROVENANCE	published_reference: archived results evidence
/home/rahnn/260908_MiBG/analysis/bgcprophet_reference/results/umap_all_bgc_classes_provenance.json	/home/rahnn/projects/viral-gt-research-record/results/WP07_mibig_reference_atlas/published_reference/results/umap_all_bgc_classes_provenance.json	1552	fdc5c3d39ac8a00c673afccd9894ec33f026f628eebf02e2f0701e02c549d088	PROVENANCE	published_reference: archived results evidence
/home/rahnn/260908_MiBG/analysis/bgcprophet_reference/results/package_versions.tsv	/home/rahnn/projects/viral-gt-research-record/environment/WP07_mibig_reference_atlas/published_reference/package_versions.tsv	385	97d812836c71a54ae793927c87a35f6f228d61d0d9a617fa3cdc07299cc173dd	ENVIRONMENT	Recorded historical package versions
/home/rahnn/260908_MiBG/analysis/bgcprophet_reference/requirements.lock.txt	/home/rahnn/projects/viral-gt-research-record/environment/WP07_mibig_reference_atlas/published_reference/requirements.lock.txt	415	d809561848395c6cd871966de70b4a73e9b70957415d99240f2b72404ac2397d	ENVIRONMENT	Existing dependency version record; no installation performed
/home/rahnn/260908_MiBG/analysis/core_context_consensus_step3_20260911/provenance/package_versions.tsv	/home/rahnn/projects/viral-gt-research-record/environment/WP07_mibig_reference_atlas/consensus_ablation/package_versions.tsv	428	6d1d6dab092c42c5911d0920063d772c8be4153f44cec929585b8117b8bdd3b4	ENVIRONMENT	Recorded historical package versions
/home/rahnn/260908_MiBG/analysis/core_context_consensus_step3_20260911/provenance/requirements.lock.txt	/home/rahnn/projects/viral-gt-research-record/environment/WP07_mibig_reference_atlas/consensus_ablation/requirements.lock.txt	438	8a66c094285f8c66a04bb55833a0392a86a3d1b4cd942ca1240eaf1f0a3d021d	ENVIRONMENT	Existing dependency version record; no installation performed
/home/rahnn/260908_MiBG/analysis/noncore_context_mechanism_20260911/provenance/package_versions.tsv	/home/rahnn/projects/viral-gt-research-record/environment/WP07_mibig_reference_atlas/noncore_mechanism/package_versions.tsv	428	6d1d6dab092c42c5911d0920063d772c8be4153f44cec929585b8117b8bdd3b4	ENVIRONMENT	Recorded historical package versions
/home/rahnn/260908_MiBG/analysis/noncore_context_mechanism_20260911/provenance/requirements.lock.txt	/home/rahnn/projects/viral-gt-research-record/environment/WP07_mibig_reference_atlas/noncore_mechanism/requirements.lock.txt	438	8a66c094285f8c66a04bb55833a0392a86a3d1b4cd942ca1240eaf1f0a3d021d	ENVIRONMENT	Existing dependency version record; no installation performed
/home/rahnn/260908_MiBG/analysis/core_context_consensus_step3_20260911/tables/A_vs_B_saccharide_knn_summary.tsv	/home/rahnn/projects/viral-gt-research-record/results/WP07_mibig_reference_atlas/consensus_ablation/tables/A_vs_B_saccharide_knn_summary.tsv	4723	430025fcde21a8173cafda5919de4166aa6e0da915f172380479750156ae2b85	TABLE	consensus_ablation: archived tables evidence
/home/rahnn/260908_MiBG/analysis/core_context_consensus_step3_20260911/tables/neighbor_overlap_summary.tsv	/home/rahnn/projects/viral-gt-research-record/results/WP07_mibig_reference_atlas/consensus_ablation/tables/neighbor_overlap_summary.tsv	1953	c8925640994164864cac2e5f452b134c503d14a7c1a231f0f58ab0921d35ed60	TABLE	consensus_ablation: archived tables evidence
/home/rahnn/260908_MiBG/analysis/core_context_consensus_step3_20260911/tables/pca_explained_variance.tsv	/home/rahnn/projects/viral-gt-research-record/results/WP07_mibig_reference_atlas/consensus_ablation/tables/pca_explained_variance.tsv	45486	30fad3729d36685b10bfaa7c05bdf26fce8226c4f36f43f24188c818afa8234e	TABLE	consensus_ablation: archived tables evidence
/home/rahnn/260908_MiBG/analysis/core_context_consensus_step3_20260911/tables/pca_variance_thresholds.tsv	/home/rahnn/projects/viral-gt-research-record/results/WP07_mibig_reference_atlas/consensus_ablation/tables/pca_variance_thresholds.tsv	217	dec354ae72fc37920e4241d63b3debf37b02e13059bbfa9dd508ceb26b9107f4	TABLE	consensus_ablation: archived tables evidence
/home/rahnn/260908_MiBG/analysis/core_context_consensus_step3_20260911/tables/A_reference_reproduction.tsv	/home/rahnn/projects/viral-gt-research-record/results/WP07_mibig_reference_atlas/consensus_ablation/tables/A_reference_reproduction.tsv	473	1be91ef201905eb1e39400dc4e24e765ed662e75aa14d2987b01005416c045ab	TABLE	consensus_ablation: archived tables evidence
/home/rahnn/260908_MiBG/analysis/core_context_consensus_step3_20260911/tables/class_counts.tsv	/home/rahnn/projects/viral-gt-research-record/results/WP07_mibig_reference_atlas/consensus_ablation/tables/class_counts.tsv	109	33c4e610e0cc4be072d1013a89ba5fb2175c43bc4a4333f7d252ef0cea1b5211	TABLE	consensus_ablation: archived tables evidence
/home/rahnn/260908_MiBG/analysis/core_context_consensus_step3_20260911/tables/consensus_vs_superseded_zero.tsv	/home/rahnn/projects/viral-gt-research-record/results/WP07_mibig_reference_atlas/consensus_ablation/tables/consensus_vs_superseded_zero.tsv	1035	21f6759594c2166b74ef9beb100bf8e2fca60d1a91529fa6cf10f629a79e98d2	TABLE	consensus_ablation: archived tables evidence
/home/rahnn/260908_MiBG/analysis/core_context_consensus_step3_20260911/results/A_reference_geometry_check.json	/home/rahnn/projects/viral-gt-research-record/results/WP07_mibig_reference_atlas/consensus_ablation/results/A_reference_geometry_check.json	151	0b6c3d75a43ddfaf74f12aa5b445d6dd73a16f039b5cde69cac43939631fb465	PROVENANCE	consensus_ablation: archived results evidence
/home/rahnn/260908_MiBG/analysis/core_context_consensus_step3_20260911/results/consensus_validation.json	/home/rahnn/projects/viral-gt-research-record/results/WP07_mibig_reference_atlas/consensus_ablation/results/consensus_validation.json	334	be28e97086fe619da884e77533ae76735ac6286d509674cac5bcdb1eee34aaa5	PROVENANCE	consensus_ablation: archived results evidence
/home/rahnn/260908_MiBG/analysis/core_context_consensus_step3_20260911/results/final_validation.json	/home/rahnn/projects/viral-gt-research-record/results/WP07_mibig_reference_atlas/consensus_ablation/results/final_validation.json	119	86dbe42217bec6692e77f99e325310af021965a043e9859f92f428db260dc94c	PROVENANCE	consensus_ablation: archived results evidence
/home/rahnn/260908_MiBG/analysis/core_context_consensus_step3_20260911/provenance/parameters.json	/home/rahnn/projects/viral-gt-research-record/results/WP07_mibig_reference_atlas/consensus_ablation/provenance/parameters.json	1545	c3ec873da31a5590be39796406886ba6c3e30d013fce974d77353b6e5605a6f4	PROVENANCE	consensus_ablation: archived provenance evidence
/home/rahnn/260908_MiBG/analysis/core_context_consensus_step3_20260911/provenance/primary_inputs.tsv	/home/rahnn/projects/viral-gt-research-record/results/WP07_mibig_reference_atlas/consensus_ablation/provenance/primary_inputs.tsv	858	c5bc87a1638120c87a515b140cad5c2192c387ea15a1b096ae53189e154853dc	PROVENANCE	consensus_ablation: archived provenance evidence
/home/rahnn/260908_MiBG/analysis/core_context_consensus_step3_20260911/provenance/script_sha256.tsv	/home/rahnn/projects/viral-gt-research-record/results/WP07_mibig_reference_atlas/consensus_ablation/provenance/script_sha256.tsv	1295	fb4506eea4cf47ed50d7d13fe9460a05b7855e0f11058648680c65c1b209749d	PROVENANCE	consensus_ablation: archived provenance evidence
/home/rahnn/260908_MiBG/analysis/core_context_consensus_step3_20260911/provenance/permutation_array_axes.json	/home/rahnn/projects/viral-gt-research-record/results/WP07_mibig_reference_atlas/consensus_ablation/provenance/permutation_array_axes.json	244	ef7327aaf6ef8681a99904a439d09f08869cda7d4fdbfb3e05eebc52991a5055	PROVENANCE	consensus_ablation: archived provenance evidence
/home/rahnn/260908_MiBG/analysis/core_context_consensus_step3_20260911/provenance/inputs.json	/home/rahnn/projects/viral-gt-research-record/results/WP07_mibig_reference_atlas/consensus_ablation/provenance/inputs.json	2381	420e2005664624b360ced1cbe21bafdc5b99746b21b55b28238300c8a30428ba	PROVENANCE	consensus_ablation: archived provenance evidence
/home/rahnn/260908_MiBG/analysis/core_context_consensus_step3_20260911/results/consensus_metadata.tsv	/home/rahnn/projects/viral-gt-research-record/results/WP07_mibig_reference_atlas/canonical/consensus_metadata.tsv	460004	79ebceae330f0a6e29099e8f76087c14ec8042eec58f6d28b302b517943c98ab	TABLE	Exact 2502-row identity and five-state lineage for the external primary A consensus array
/home/rahnn/260908_MiBG/analysis/noncore_context_mechanism_20260911/tables/A_B_N_augmentation_stability.tsv	/home/rahnn/projects/viral-gt-research-record/results/WP07_mibig_reference_atlas/noncore_mechanism/tables/A_B_N_augmentation_stability.tsv	986276	1e8f2f58800901c629dcf8f40a6dea5297845a5363920c21be769b1d744e11e4	TABLE	noncore_mechanism: archived tables evidence
/home/rahnn/260908_MiBG/analysis/noncore_context_mechanism_20260911/tables/A_B_N_stability_summary.tsv	/home/rahnn/projects/viral-gt-research-record/results/WP07_mibig_reference_atlas/noncore_mechanism/tables/A_B_N_stability_summary.tsv	4843	c3f11d75a0f894af0bb6a6eb56873165d3525bb019e44a9238aecb7e4002ac85	TABLE	noncore_mechanism: archived tables evidence
/home/rahnn/260908_MiBG/analysis/noncore_context_mechanism_20260911/tables/cancellation_summary.tsv	/home/rahnn/projects/viral-gt-research-record/results/WP07_mibig_reference_atlas/noncore_mechanism/tables/cancellation_summary.tsv	919	0048b10528bbcfb429e424b901de6558403c1b8c73ddbe0599e9ec53bdeaa045	TABLE	noncore_mechanism: archived tables evidence
/home/rahnn/260908_MiBG/analysis/noncore_context_mechanism_20260911/tables/gene_count_mechanism_correlations.tsv	/home/rahnn/projects/viral-gt-research-record/results/WP07_mibig_reference_atlas/noncore_mechanism/tables/gene_count_mechanism_correlations.tsv	1114	c6f0e3fbd60f0e6d90de401fbc4eab0e3451c4118e2ad0239f28e0c492a531eb	TABLE	noncore_mechanism: archived tables evidence
/home/rahnn/260908_MiBG/analysis/noncore_context_mechanism_20260911/tables/A_B_N_saccharide_knn_summary.tsv	/home/rahnn/projects/viral-gt-research-record/results/WP07_mibig_reference_atlas/noncore_mechanism/tables/A_B_N_saccharide_knn_summary.tsv	4930	8810ce4a15963d9de72508e318e7bfc00442b410ab15b4c06e6630e618a41206	TABLE	noncore_mechanism: archived tables evidence
/home/rahnn/260908_MiBG/analysis/noncore_context_mechanism_20260911/tables/A_B_N_neighbor_overlap.tsv	/home/rahnn/projects/viral-gt-research-record/results/WP07_mibig_reference_atlas/noncore_mechanism/tables/A_B_N_neighbor_overlap.tsv	1101725	634e653d4cddda654001d1943f4e9ebc3f191e0782bd973aaad218bf94be9570	TABLE	noncore_mechanism: archived tables evidence
/home/rahnn/260908_MiBG/analysis/noncore_context_mechanism_20260911/tables/noncore_reconstruction_validation.tsv	/home/rahnn/projects/viral-gt-research-record/results/WP07_mibig_reference_atlas/noncore_mechanism/tables/noncore_reconstruction_validation.tsv	1466587	a48088877402bf6e6ff34414e9ee37857b62769cb4385ffbf935a69d7e856c83	TABLE	noncore_mechanism: archived tables evidence
/home/rahnn/260908_MiBG/analysis/noncore_context_mechanism_20260911/tables/paired_stability_differences.tsv	/home/rahnn/projects/viral-gt-research-record/results/WP07_mibig_reference_atlas/noncore_mechanism/tables/paired_stability_differences.tsv	1400	1b5b70c2cb477899541a28b084791fa05f522b009eb15d6368368bfd59799805	TABLE	noncore_mechanism: archived tables evidence
/home/rahnn/260908_MiBG/analysis/noncore_context_mechanism_20260911/tables/neighbor_overlap_summary.tsv	/home/rahnn/projects/viral-gt-research-record/results/WP07_mibig_reference_atlas/noncore_mechanism/tables/neighbor_overlap_summary.tsv	8006	3114309c24d892058e00254cc5eb744122a8a00c50dd9c726a708ad1c8dc5043	TABLE	noncore_mechanism: archived tables evidence
/home/rahnn/260908_MiBG/analysis/noncore_context_mechanism_20260911/tables/cancellation_subset_summary.tsv	/home/rahnn/projects/viral-gt-research-record/results/WP07_mibig_reference_atlas/noncore_mechanism/tables/cancellation_subset_summary.tsv	275	29f21443584e00e247c5937a571af63500c70a359aea0fe2a0e3215bbf0c4e8f	TABLE	noncore_mechanism: archived tables evidence
/home/rahnn/260908_MiBG/analysis/noncore_context_mechanism_20260911/tables/core_count_stratified_mechanism.tsv	/home/rahnn/projects/viral-gt-research-record/results/WP07_mibig_reference_atlas/noncore_mechanism/tables/core_count_stratified_mechanism.tsv	1336	c1f381867f11a39bb86dabfaf2bd7743e2a26a2dbcdb1d4f047900428d027270	TABLE	noncore_mechanism: archived tables evidence
/home/rahnn/260908_MiBG/analysis/noncore_context_mechanism_20260911/results/reconstruction_summary.json	/home/rahnn/projects/viral-gt-research-record/results/WP07_mibig_reference_atlas/noncore_mechanism/results/reconstruction_summary.json	682	19189fdba5b2feb0769d8ce6be4986018679d880281007e3763d53121e119033	PROVENANCE	noncore_mechanism: archived results evidence
/home/rahnn/260908_MiBG/analysis/noncore_context_mechanism_20260911/results/cancellation_overview.json	/home/rahnn/projects/viral-gt-research-record/results/WP07_mibig_reference_atlas/noncore_mechanism/results/cancellation_overview.json	486	704596c2acc7a9357dfa6608896f6a955baf395fc99f56e9943521fa01475d67	PROVENANCE	noncore_mechanism: archived results evidence
/home/rahnn/260908_MiBG/analysis/noncore_context_mechanism_20260911/results/stability_comparison.json	/home/rahnn/projects/viral-gt-research-record/results/WP07_mibig_reference_atlas/noncore_mechanism/results/stability_comparison.json	242	a2c6e573edb01b5a42c7aff6f3db2c24dea0d10ec03f74380938c2f797500002	PROVENANCE	noncore_mechanism: archived results evidence
/home/rahnn/260908_MiBG/analysis/noncore_context_mechanism_20260911/results/final_validation.json	/home/rahnn/projects/viral-gt-research-record/results/WP07_mibig_reference_atlas/noncore_mechanism/results/final_validation.json	74	310b6bd623d6169f3ff10a0d45c0e77ba0f4084fb71853e82aaa006c804ff80e	PROVENANCE	noncore_mechanism: archived results evidence
/home/rahnn/260908_MiBG/analysis/noncore_context_mechanism_20260911/results/geometry_validation.json	/home/rahnn/projects/viral-gt-research-record/results/WP07_mibig_reference_atlas/noncore_mechanism/results/geometry_validation.json	269	7d009ed557fcd4de4e01bc86714e12cad42abc8ed45e7a86599f711dc9a517f7	PROVENANCE	noncore_mechanism: archived results evidence
/home/rahnn/260908_MiBG/analysis/noncore_context_mechanism_20260911/provenance/parameters.json	/home/rahnn/projects/viral-gt-research-record/results/WP07_mibig_reference_atlas/noncore_mechanism/provenance/parameters.json	815	bd17c27a96592286c0fe2d2fdda15c25761ab72a19c4022362156c0838554e2a	PROVENANCE	noncore_mechanism: archived provenance evidence
/home/rahnn/260908_MiBG/analysis/noncore_context_mechanism_20260911/provenance/permutation_reuse.json	/home/rahnn/projects/viral-gt-research-record/results/WP07_mibig_reference_atlas/noncore_mechanism/provenance/permutation_reuse.json	491	2e3c427108d031bb24c5c319714e1cbd13614a311beb546de8d5691e95feac51	PROVENANCE	noncore_mechanism: archived provenance evidence
/home/rahnn/260908_MiBG/analysis/noncore_context_mechanism_20260911/provenance/primary_inputs.tsv	/home/rahnn/projects/viral-gt-research-record/results/WP07_mibig_reference_atlas/noncore_mechanism/provenance/primary_inputs.tsv	837	dcc188cb00c55364e8ace00615465fdf87152a6255e95d299dfb3d824bf2fabb	PROVENANCE	noncore_mechanism: archived provenance evidence
/home/rahnn/260908_MiBG/analysis/noncore_context_mechanism_20260911/provenance/script_sha256.tsv	/home/rahnn/projects/viral-gt-research-record/results/WP07_mibig_reference_atlas/noncore_mechanism/provenance/script_sha256.tsv	1419	163a8c85dea4e45f0aa00393bb5612f111988abea815f30c165275cd5f66270d	PROVENANCE	noncore_mechanism: archived provenance evidence
/home/rahnn/260908_MiBG/scripts/extract_core_context_pilot.py	/home/rahnn/projects/viral-gt-research-record/scripts/archive/WP07_mibig_reference_atlas/core_extraction/extract_core_context_pilot.py	14833	8a768ee6bb16f374bb01dff8e2900344e17096ccceaaa4a40ad29f5cd604e7ae	SCRIPT	Validated extraction, successful launcher, audit reuse, or transfer/integrity source
/home/rahnn/260908_MiBG/scripts/run_hpc_core_context_pilot.py	/home/rahnn/projects/viral-gt-research-record/scripts/archive/WP07_mibig_reference_atlas/core_extraction/run_hpc_core_context_pilot.py	9273	e7806d64b633b1e9938b096c8dfe91349852417887216c2b6354a1fa1d85a84b	SCRIPT	Validated extraction, successful launcher, audit reuse, or transfer/integrity source
/home/rahnn/260908_MiBG/scripts/run_core_context_pilot.sbatch	/home/rahnn/projects/viral-gt-research-record/scripts/archive/WP07_mibig_reference_atlas/core_extraction/run_core_context_pilot.sbatch	694	256294d7af9aab0bc018959fdeab2f59f74670f1e1c68692fbb73569fcba3722	SCRIPT	Validated extraction, successful launcher, audit reuse, or transfer/integrity source
/home/rahnn/260908_MiBG/scripts/run_hpc_core_context_full.py	/home/rahnn/projects/viral-gt-research-record/scripts/archive/WP07_mibig_reference_atlas/core_extraction/run_hpc_core_context_full.py	8806	a55aaa1def41c22ebf7dab3c331427e3c7a2d847c076f055fd20c83a65ca47a9	SCRIPT	Validated extraction, successful launcher, audit reuse, or transfer/integrity source
/home/rahnn/260908_MiBG/scripts/run_core_context_full_skylake.sbatch	/home/rahnn/projects/viral-gt-research-record/scripts/archive/WP07_mibig_reference_atlas/core_extraction/run_core_context_full_skylake.sbatch	743	f9e436b3985d811ac30b21c618c4f5111dc7e245aa9c052db34ffef68bda580f	SCRIPT	Validated extraction, successful launcher, audit reuse, or transfer/integrity source
/home/rahnn/260908_MiBG/scripts/verify_retrieved_core_pilot.py	/home/rahnn/projects/viral-gt-research-record/scripts/archive/WP07_mibig_reference_atlas/core_extraction/verify_retrieved_core_pilot.py	3217	d572abacaa3a76d31d1b7756c93fe64a1672b6cb3d959434f682af4cf283e4b7	SCRIPT	Validated extraction, successful launcher, audit reuse, or transfer/integrity source
/home/rahnn/260908_MiBG/scripts/verify_retrieved_core_full.py	/home/rahnn/projects/viral-gt-research-record/scripts/archive/WP07_mibig_reference_atlas/core_extraction/verify_retrieved_core_full.py	3541	91c1a4f574ae1f3c1adae66e5198d0a4d36f9a6d18e47660ec4855a96732a965	SCRIPT	Validated extraction, successful launcher, audit reuse, or transfer/integrity source
/home/rahnn/260908_MiBG/scripts/reuse_saved_core_audit.py	/home/rahnn/projects/viral-gt-research-record/scripts/archive/WP07_mibig_reference_atlas/core_extraction/reuse_saved_core_audit.py	1603	01d0b7517c42237dee93c51afded275d1e25ea4bd6b35b64ed828f22ea2f5061	SCRIPT	Validated extraction, successful launcher, audit reuse, or transfer/integrity source
/home/rahnn/260908_MiBG/scripts/revise_core_membership.py	/home/rahnn/projects/viral-gt-research-record/scripts/archive/WP07_mibig_reference_atlas/core_extraction/revise_core_membership.py	5146	80e274698f3f80f52c278b699da84097a4cc75b9297e557427753e0df88c4cba	SCRIPT	Validated extraction, successful launcher, audit reuse, or transfer/integrity source
/home/rahnn/260908_MiBG/scripts/prepare_core_pilot_bundle.py	/home/rahnn/projects/viral-gt-research-record/scripts/archive/WP07_mibig_reference_atlas/core_extraction/prepare_core_pilot_bundle.py	929	2f3db0aec56e0ce23f95202a8c336bf44d845d0e91febe8540a70017681af9b6	SCRIPT	Validated extraction, successful launcher, audit reuse, or transfer/integrity source
/home/rahnn/260908_MiBG/scripts/prepare_core_full_bundle.py	/home/rahnn/projects/viral-gt-research-record/scripts/archive/WP07_mibig_reference_atlas/core_extraction/prepare_core_full_bundle.py	1410	f351624b68f903153bdaf8a79cebb587cfd317d71cf212ceb6d13defe6a9b5e5	SCRIPT	Validated extraction, successful launcher, audit reuse, or transfer/integrity source
/home/rahnn/260908_MiBG/outputs/core_context_full_20260910/README.md	/home/rahnn/projects/viral-gt-research-record/results/WP07_mibig_reference_atlas/core_extraction/full/README.md	6277	8a897814c7c4eabe3bbe4ec88ede023f77c7b011b903e39f9ff626b7b33299ae	REPORT	core_extraction/full: archived report evidence
/home/rahnn/260908_MiBG/outputs/core_context_full_20260910/final_scheduler_record.txt	/home/rahnn/projects/viral-gt-research-record/results/WP07_mibig_reference_atlas/core_extraction/full/final_scheduler_record.txt	212	899588bcc974abed34aae1e0a178d391e5fdb9bd25e2d461021efa392720577c	PROVENANCE	core_extraction/full: archived report evidence
/home/rahnn/260908_MiBG/outputs/core_context_full_20260910/job_status.tsv	/home/rahnn/projects/viral-gt-research-record/results/WP07_mibig_reference_atlas/core_extraction/full/job_status.tsv	407	b538dc1f8e5c8f66617c0503cfcdfcf3a2b437a3fd45f6c445cabfc193bb9f7c	PROVENANCE	core_extraction/full: archived report evidence
/home/rahnn/260908_MiBG/outputs/core_context_full_20260910/local_validation_summary.json	/home/rahnn/projects/viral-gt-research-record/results/WP07_mibig_reference_atlas/core_extraction/full/local_validation_summary.json	363	7bfe767713811f20ee54a319c210b8501104ea3a91699e213699c69e80aa3bcc	PROVENANCE	core_extraction/full: archived report evidence
/home/rahnn/260908_MiBG/outputs/core_context_full_20260910/results_validatednode/core_context_full_validation.tsv	/home/rahnn/projects/viral-gt-research-record/results/WP07_mibig_reference_atlas/core_extraction/full/results_validatednode/core_context_full_validation.tsv	1256212	5b5cb1fc6ff49f4179713c5eefbca1f92df25d5ef6a70a2134d444a5832e796b	PROVENANCE	core_extraction/full: archived results_validatednode evidence
/home/rahnn/260908_MiBG/outputs/core_context_full_20260910/results_validatednode/full_summary.json	/home/rahnn/projects/viral-gt-research-record/results/WP07_mibig_reference_atlas/core_extraction/full/results_validatednode/full_summary.json	450	baa994619c5ec8237846fd22d1dfb9645d23650c22416de3aff047338c83f59e	PROVENANCE	core_extraction/full: archived results_validatednode evidence
/home/rahnn/260908_MiBG/outputs/core_context_full_20260910/results_validatednode/full_summary.tsv	/home/rahnn/projects/viral-gt-research-record/results/WP07_mibig_reference_atlas/core_extraction/full/results_validatednode/full_summary.tsv	357	14aef7f2b65b23db31fd4913af7b1fa9a30a4fbce33410e831949dab5fed2cd1	PROVENANCE	core_extraction/full: archived results_validatednode evidence
/home/rahnn/260908_MiBG/outputs/core_context_full_20260910/results_validatednode/input_integrity_before.tsv	/home/rahnn/projects/viral-gt-research-record/results/WP07_mibig_reference_atlas/core_extraction/full/results_validatednode/input_integrity_before.tsv	5245	73510d375297f819c66b602a25021d3518c697e9baaf29cc3a0da3ebf25f3aa1	PROVENANCE	core_extraction/full: archived results_validatednode evidence
/home/rahnn/260908_MiBG/outputs/core_context_full_20260910/results_validatednode/input_integrity_after.tsv	/home/rahnn/projects/viral-gt-research-record/results/WP07_mibig_reference_atlas/core_extraction/full/results_validatednode/input_integrity_after.tsv	7585	6aafb773cd5a2c3e04a68bbb7d69ceb8695356504f9429e224a5f17567da9b10	PROVENANCE	core_extraction/full: archived results_validatednode evidence
/home/rahnn/260908_MiBG/outputs/core_context_full_20260910/results_validatednode/runtime_provenance.json	/home/rahnn/projects/viral-gt-research-record/results/WP07_mibig_reference_atlas/core_extraction/full/results_validatednode/runtime_provenance.json	883	b7995f99fb70541197f70884eaa62c9b02b80a016eb68afc41ab5938ad8d698c	PROVENANCE	core_extraction/full: archived results_validatednode evidence
/home/rahnn/260908_MiBG/outputs/core_context_full_20260910/results_validatednode/reused_audit_provenance.json	/home/rahnn/projects/viral-gt-research-record/results/WP07_mibig_reference_atlas/core_extraction/full/results_validatednode/reused_audit_provenance.json	1408	dfcbc52847be3c8301112559dbf0180413a0e3d4b93c743f2ac7026e5aa710ee	PROVENANCE	core_extraction/full: archived results_validatednode evidence
/home/rahnn/260908_MiBG/outputs/core_context_pilot_20260910/README.md	/home/rahnn/projects/viral-gt-research-record/results/WP07_mibig_reference_atlas/core_extraction/pilot/README.md	4739	46ef78e094772508079b1177176a85a78c4efeb8c9256a2cfdfa2a18446892d3	REPORT	core_extraction/pilot: archived report evidence
/home/rahnn/260908_MiBG/outputs/core_context_pilot_20260910/job_status.tsv	/home/rahnn/projects/viral-gt-research-record/results/WP07_mibig_reference_atlas/core_extraction/pilot/job_status.tsv	138	43ffa973593ae6d8505d2afd784e268ddaa0755a1eae6cc34b624fa6274c7a12	PROVENANCE	core_extraction/pilot: archived report evidence
/home/rahnn/260908_MiBG/outputs/core_context_pilot_20260910/local_verification_summary.json	/home/rahnn/projects/viral-gt-research-record/results/WP07_mibig_reference_atlas/core_extraction/pilot/local_verification_summary.json	200	91d3a1eb026391a24ca3e4c7ddd2e1de2706669022e7071656ab0b432c6a91c4	PROVENANCE	core_extraction/pilot: archived report evidence
/home/rahnn/260908_MiBG/outputs/core_context_pilot_20260910/results/pilot_behavior_validation.tsv	/home/rahnn/projects/viral-gt-research-record/results/WP07_mibig_reference_atlas/core_extraction/pilot/results/pilot_behavior_validation.tsv	2052	d7d2c792a53da2861e51e87c8053612812d44237af2ed8572b911bf9339c59a2	PROVENANCE	core_extraction/pilot: archived results evidence
/home/rahnn/260908_MiBG/outputs/core_context_pilot_20260910/results/pilot_summary.json	/home/rahnn/projects/viral-gt-research-record/results/WP07_mibig_reference_atlas/core_extraction/pilot/results/pilot_summary.json	312	2c4c9cfcc8912931df7f1cc1f4d41973e46da0102a8ff17a85700a341a6ddf87	PROVENANCE	core_extraction/pilot: archived results evidence
/home/rahnn/260908_MiBG/outputs/core_context_pilot_20260910/results/pilot_manifest.tsv	/home/rahnn/projects/viral-gt-research-record/results/WP07_mibig_reference_atlas/core_extraction/pilot/results/pilot_manifest.tsv	2118	fe94917220bc28dba03d500d3f797cdd618a763b2ed7b2418412ba05fbfdad11	PROVENANCE	core_extraction/pilot: archived results evidence
/home/rahnn/260908_MiBG/outputs/core_context_pilot_20260910/results/runtime_provenance.json	/home/rahnn/projects/viral-gt-research-record/results/WP07_mibig_reference_atlas/core_extraction/pilot/results/runtime_provenance.json	814	67e62e997c47c1bcc446d6b07a760c999cb420c3774958bbafb45b65a223d9ba	PROVENANCE	core_extraction/pilot: archived results evidence
/home/rahnn/260908_MiBG/outputs/core_context_pilot_20260910/results/input_integrity_before.tsv	/home/rahnn/projects/viral-gt-research-record/results/WP07_mibig_reference_atlas/core_extraction/pilot/results/input_integrity_before.tsv	1314	61a6fefba3f54b1ca0401c3a296fecc14a35c28e5e5aa56354efef9b0ac04442	PROVENANCE	core_extraction/pilot: archived results evidence
/home/rahnn/260908_MiBG/outputs/core_context_pilot_20260910/results/input_integrity_after.tsv	/home/rahnn/projects/viral-gt-research-record/results/WP07_mibig_reference_atlas/core_extraction/pilot/results/input_integrity_after.tsv	1974	1ce4c84c24ab609e3dad5755b5c87d7c392fb9bfd4c52968ef87afd18558b04b	PROVENANCE	core_extraction/pilot: archived results evidence
/home/rahnn/260908_MiBG/outputs/core_context_membership_audit/core_position_summary.json	/home/rahnn/projects/viral-gt-research-record/results/WP07_mibig_reference_atlas/core_extraction/membership/core_position_summary.json	413	569d42f418072b92c8a5a593861840d777c0c880960794f40663eb2730837fce	PROVENANCE	core_extraction/membership: archived report evidence
/home/rahnn/260908_MiBG/outputs/core_context_membership_audit/core_position_summary.tsv	/home/rahnn/projects/viral-gt-research-record/results/WP07_mibig_reference_atlas/core_extraction/membership/core_position_summary.tsv	334	bff9e6dfdb8b3d57e179d6ef8ca91a7419fa5105b70e65dc4b8c3cabba94066c	PROVENANCE	core_extraction/membership: archived report evidence
/home/rahnn/260908_MiBG/outputs/core_context_membership_audit/provenance.json	/home/rahnn/projects/viral-gt-research-record/results/WP07_mibig_reference_atlas/core_extraction/membership/provenance.json	760	2ac95b22c5367fb3d56ece8f95c0538948baa17a5787253074d37d26cc96076e	PROVENANCE	core_extraction/membership: archived report evidence
/home/rahnn/260908_MiBG/analysis/bgcprophet_reference/results/figures/umap_all_bgc_classes.pdf	/home/rahnn/projects/viral-gt-research-record/figures/WP07_mibig_reference_atlas/published_reference/umap_all_bgc_classes.pdf	287118	2e85c0ad019c569f6d41315effecc3b060f742d53580185ab7d05cf7ae006fcc	FIGURE	Selected original PDF; no recomputation or duplicate PNG
/home/rahnn/260908_MiBG/analysis/bgcprophet_reference/results/figures/umap_saccharide.pdf	/home/rahnn/projects/viral-gt-research-record/figures/WP07_mibig_reference_atlas/published_reference/umap_saccharide.pdf	415891	0139bbcd0f9f155ec14b5f8b7812d6971607e7026ab9d7ac23e3c3067457dc22	FIGURE	Selected original PDF; no recomputation or duplicate PNG
/home/rahnn/260908_MiBG/analysis/core_context_consensus_step3_20260911/figures/saccharide_knn_comparison.pdf	/home/rahnn/projects/viral-gt-research-record/figures/WP07_mibig_reference_atlas/consensus_ablation/saccharide_knn_comparison.pdf	14888	45d962e1ca1f2669a66b7bd6dc5fc08dc0e4c3b9babbe5656d585edfbfad6874	FIGURE	Selected original PDF; no recomputation or duplicate PNG
/home/rahnn/260908_MiBG/analysis/noncore_context_mechanism_20260911/figures/A_B_N_augmentation_stability.pdf	/home/rahnn/projects/viral-gt-research-record/figures/WP07_mibig_reference_atlas/noncore_mechanism/A_B_N_augmentation_stability.pdf	36713	df28122fba317d3734f2e8af0b3806918d84c0f1c19fd48c3ab1e910c2ed7f3f	FIGURE	Selected original PDF; no recomputation or duplicate PNG
/home/rahnn/260908_MiBG/analysis/noncore_context_mechanism_20260911/figures/A_B_N_saccharide_knn.pdf	/home/rahnn/projects/viral-gt-research-record/figures/WP07_mibig_reference_atlas/noncore_mechanism/A_B_N_saccharide_knn.pdf	15868	088200304f9d0a47b7ae13ef025148205bb946d7a7c03b978ac4ab32ef9a2135	FIGURE	Selected original PDF; no recomputation or duplicate PNG
/home/rahnn/260908_MiBG/github_integration_plan/integration_documents/README.md	/home/rahnn/projects/viral-gt-research-record/results/WP07_mibig_reference_atlas/README.md	5351	4b5324ef3aeb0b83f3e8c7d8fc899b9ea06c5547af209f8ccdc222872a2b84e5	REPORT	New curated integration guide and evidence-bounded decision to retain A
/home/rahnn/260908_MiBG/github_integration_plan/integration_documents/primary_atlas.json	/home/rahnn/projects/viral-gt-research-record/metadata/manifests/DS-VGT-20260911-001_primary_atlas.json	834	e7d837e636e34ab5f9e52e28c8de89ef5b776d01c27c7ab0bf08369d8e266861	PROVENANCE	Primary external A consensus identity and five-state construction rule
/home/rahnn/260908_MiBG/github_integration_plan/drafts/external_dependencies.tsv	/home/rahnn/projects/viral-gt-research-record/metadata/manifests/DS-VGT-20260911-001_external_dependencies.tsv	2333	10b169d412d99a7c00d878a4b8edf8602c7c6c9ffcb59c005346556dcfda9867	PROVENANCE	Previously audited stable upstream sources; distinguish fresh local and historical checksums
