path	sha256
/home/rahnn/260908_MiBG/analysis/noncore_context_mechanism_20260911/scripts/common.py	4366bfb26437e9a8551962b0d1ce9316fe26d800f971ee909c98cffbadac24f1
/home/rahnn/260908_MiBG/analysis/noncore_context_mechanism_20260911/scripts/compare_consensus.py	d18a715d0d4b369158ae1bc4778ad1114bb77e5f0b4c684f009664050bd2d281
/home/rahnn/260908_MiBG/analysis/noncore_context_mechanism_20260911/scripts/mechanism.py	7898cfbae7cdeb72b5a394248e61103286d19a13eaee3c39819d5b8ab2f1034c
/home/rahnn/260908_MiBG/analysis/noncore_context_mechanism_20260911/scripts/plot_results.py	9ebe2614154804250f88e7ad62683f13f0db476d25c7bc9d463e8574dec14c31
/home/rahnn/260908_MiBG/analysis/noncore_context_mechanism_20260911/scripts/preview_figures.py	6c34c6229cb460de3615fc9d0cfb68609a751394599f2bd11586de07935fc3da
/home/rahnn/260908_MiBG/analysis/noncore_context_mechanism_20260911/scripts/reconstruct.py	6c1e8ab41fbf5ae635b0e80c89fd71496ec4d81242d559977f55376cfb45a461
/home/rahnn/260908_MiBG/analysis/noncore_context_mechanism_20260911/scripts/run_analysis.sh	21bb01986fe8487c2abf02e749ce584f0c59575d4730b078f4038edad59dd022
/home/rahnn/260908_MiBG/analysis/noncore_context_mechanism_20260911/scripts/validate.py	cefa2ef6f5ece5497a4df1ec1677c1f65e67fcb697fdea4c3a3cc8cdf1a7ae10
/home/rahnn/260908_MiBG/analysis/noncore_context_mechanism_20260911/scripts/write_report.py	49e7fc1166d5b6086c57be1b032cf9755cd44a718428dfba21f71db6cfa42936
