BGC	UMAP001	UMAP002
BGC0000001	12.297422	14.413832
BGC0000002	13.289939	14.785869
BGC0000003	13.213307	10.613128
BGC0000004	10.191787	12.442557
BGC0000006	10.352631	12.520782
BGC0000007	10.214189	12.477154
BGC0000008	10.204034	12.510943
BGC0000009	10.167824	12.492942
BGC0000010	12.518001	10.46277
BGC0000011	9.945958	12.489198
BGC0000012	12.678708	11.052674
BGC0000013	12.499171	12.179814
BGC0000014	14.530632	10.245985
BGC0000016	2.7611716	2.1909652
BGC0000017	14.391446	11.687609
BGC0000018	11.705665	14.023974
BGC0000019	12.515531	15.680191
BGC0000020	12.738778	14.802139
BGC0000021	12.720355	14.822778
BGC0000022	13.184746	11.512149
BGC0000023	13.205165	11.156523
BGC0000024	12.481908	14.054684
BGC0000025	1.9917818	1.3752109
BGC0000026	13.397871	14.807133
BGC0000027	10.965376	14.566212
BGC0000028	13.068975	12.991821
BGC0000029	13.737657	13.034316
BGC0000030	11.761526	12.977716
BGC0000031	12.313723	13.965722
BGC0000032	12.85594	14.066294
BGC0000033	14.019501	12.831668
BGC0000034	14.19247	11.612984
BGC0000035	13.7859955	12.737161
BGC0000036	12.752002	14.954128
BGC0000037	13.150033	12.741081
BGC0000038	13.166658	13.998156
BGC0000039	12.966447	10.826714
BGC0000040	13.038597	14.82844
BGC0000041	13.979947	12.293883
BGC0000042	12.59621	13.87387
BGC0000043	14.057865	12.309532
BGC0000044	12.439497	12.035375
BGC0000045	11.392605	12.965168
BGC0000046	13.119191	11.772212
BGC0000047	13.641267	12.861086
BGC0000048	10.287183	13.088796
BGC0000050	12.784763	13.336416
BGC0000051	13.123065	13.01485
BGC0000052	13.31563	14.678105
BGC0000053	13.442424	14.487011
BGC0000054	12.46689	14.043823
BGC0000055	12.292738	15.120423
BGC0000056	13.689922	12.24468
BGC0000057	11.093731	13.720759
BGC0000058	12.616542	13.511343
BGC0000059	13.409061	12.713042
BGC0000060	12.622659	13.453168
BGC0000062	13.443543	11.480546
BGC0000063	13.452601	11.432072
BGC0000064	14.890498	10.157346
BGC0000065	12.709331	10.637137
BGC0000066	13.163131	13.623294
BGC0000067	13.326761	13.776517
BGC0000068	4.872224	2.250863
BGC0000069	13.123929	11.147035
BGC0000070	12.253895	12.109754
BGC0000072	14.488913	10.562617
BGC0000073	12.496543	13.644727
BGC0000074	13.310615	13.441626
BGC0000075	13.416247	14.339079
BGC0000076	9.706631	12.62378
BGC0000077	9.661281	12.590427
BGC0000078	13.487814	14.614286
BGC0000079	12.875465	14.14745
BGC0000080	14.254177	11.67562
BGC0000081	17.085238	9.388985
BGC0000082	12.392981	14.843145
BGC0000083	11.87197	13.822889
BGC0000084	12.700194	13.783398
BGC0000085	12.851113	14.901108
BGC0000086	13.27696	14.271875
BGC0000087	12.756102	14.043869
BGC0000088	12.113645	11.915093
BGC0000090	13.439546	13.144353
BGC0000091	13.059898	11.332834
BGC0000092	13.394149	14.704684
BGC0000093	12.353834	12.411628
BGC0000094	12.045153	14.271119
BGC0000096	13.541864	13.872759
BGC0000097	14.002834	12.705627
BGC0000098	13.393797	11.004914
BGC0000099	12.488304	13.131295
BGC0000100	11.888861	14.138929
BGC0000102	12.341693	15.119228
BGC0000103	13.356925	13.612777
BGC0000104	10.122222	12.932962
BGC0000105	12.260834	14.399695
BGC0000106	12.694199	14.025241
BGC0000107	12.302055	12.402017
BGC0000108	13.958127	12.778609
BGC0000109	10.935581	13.207406
BGC0000110	13.075786	12.808609
BGC0000111	14.048584	12.678552
BGC0000112	13.144916	14.167347
BGC0000113	13.3347435	14.081795
BGC0000114	12.469122	13.201562
BGC0000115	11.965714	14.064322
BGC0000116	13.177553	13.9843
BGC0000117	9.702086	12.635637
BGC0000118	11.845734	14.155991
BGC0000119	12.254155	14.337051
BGC0000120	13.002039	11.7961
BGC0000121	11.183401	13.376023
BGC0000122	15.766691	7.9466963
BGC0000123	12.8539	13.354545
BGC0000124	11.865231	14.124619
BGC0000125	14.021309	12.793276
BGC0000126	12.597242	13.749063
BGC0000127	14.12371	11.073158
BGC0000128	14.813417	10.50416
BGC0000129	12.612858	10.868279
BGC0000130	13.37555	12.53755
BGC0000131	15.581635	8.087956
BGC0000132	13.738471	12.522088
BGC0000133	12.422095	13.422598
BGC0000134	9.922676	12.787659
BGC0000135	13.351164	14.171197
BGC0000136	12.253555	15.176747
BGC0000137	12.142028	14.991747
BGC0000138	16.932892	9.779411
BGC0000140	14.3281	11.621351
BGC0000141	12.362597	15.885513
BGC0000142	12.76262	14.05259
BGC0000143	13.296761	12.967302
BGC0000144	13.208929	11.741595
BGC0000145	14.716648	10.443154
BGC0000146	13.934068	12.469554
BGC0000147	12.358583	14.764394
BGC0000148	13.362097	14.389797
BGC0000149	12.366442	11.981389
BGC0000150	16.676285	9.367709
BGC0000151	13.391978	14.59132
BGC0000152	9.929406	12.494279
BGC0000153	13.898418	10.827468
BGC0000154	12.237363	12.120162
BGC0000156	11.420639	13.179358
BGC0000157	13.247291	13.6105385
BGC0000158	13.3624325	12.465044
BGC0000159	13.500319	13.546642
BGC0000160	12.515924	11.84128
BGC0000161	12.220717	12.901033
BGC0000162	12.290977	14.400972
BGC0000163	13.012729	14.352156
BGC0000164	12.333623	13.492235
BGC0000165	13.41116	12.425344
BGC0000166	12.298028	14.551674
BGC0000167	13.473989	14.044724
BGC0000168	12.291381	12.056988
BGC0000170	10.454584	12.459352
BGC0000171	13.415999	13.628431
BGC0000172	13.348827	12.109779
BGC0000173	13.346253	11.649901
BGC0000174	13.454758	11.661245
BGC0000175	12.413405	14.801828
BGC0000176	11.188291	13.734462
BGC0000177	12.203672	13.319348
BGC0000178	13.333439	12.570924
BGC0000179	12.15321	13.019193
BGC0000180	13.942448	12.060354
BGC0000181	11.232439	13.820929
BGC0000182	12.574013	11.822911
BGC0000184	13.308973	11.827704
BGC0000185	13.091499	13.338407
BGC0000186	17.495611	7.62014
BGC0000187	16.462355	8.926526
BGC0000188	6.0445685	1.8629516
BGC0000189	11.305272	13.938987
BGC0000190	11.053131	14.431469
BGC0000191	11.291869	15.625662
BGC0000192	10.716958	15.254152
BGC0000193	2.0028381	1.4350607
BGC0000194	10.753824	15.130553
BGC0000195	10.643542	15.221138
BGC0000196	11.181492	13.9853945
BGC0000197	12.2894125	15.940739
BGC0000198	12.4958315	16.142149
BGC0000199	12.36114	16.067423
BGC0000200	12.524189	16.094206
BGC0000201	12.23535	15.996783
BGC0000202	11.596055	15.3665905
BGC0000203	11.797398	15.315828
BGC0000204	10.957811	15.383661
BGC0000205	12.30608	13.511104
BGC0000207	4.0672197	1.3271469
BGC0000208	11.129978	15.49142
BGC0000209	11.223529	15.313344
BGC0000210	12.660919	16.101933
BGC0000211	12.095232	15.187132
BGC0000212	12.019307	15.942567
BGC0000213	12.689719	10.414011
BGC0000214	12.358772	13.889126
BGC0000215	11.542498	15.3582945
BGC0000216	11.91751	15.777418
BGC0000217	12.969518	13.7690935
BGC0000218	10.734565	15.283244
BGC0000219	12.792919	15.082359
BGC0000220	10.963768	14.51944
BGC0000221	10.626849	15.178522
BGC0000222	12.277609	15.929745
BGC0000223	11.150436	15.226442
BGC0000224	11.070073	14.391299
BGC0000225	10.678266	15.198204
BGC0000226	12.613287	13.733522
BGC0000227	12.685194	15.465137
BGC0000229	12.482471	15.90763
BGC0000230	11.209087	15.295469
BGC0000231	10.966918	15.346484
BGC0000232	11.161738	15.228055
BGC0000233	12.875691	14.712767
BGC0000234	10.8894415	15.366362
BGC0000235	11.387881	15.236102
BGC0000236	10.694803	15.267301
BGC0000237	11.901034	15.137631
BGC0000238	12.64436	14.223304
BGC0000239	12.623184	16.06251
BGC0000240	12.422756	15.980005
BGC0000241	12.424817	15.84721
BGC0000242	11.233801	15.48686
BGC0000243	11.492556	13.844089
BGC0000244	4.949431	2.0910037
BGC0000245	12.090744	15.960227
BGC0000247	12.60121	16.10243
BGC0000248	10.7888975	15.225017
BGC0000249	2.5192146	1.5398041
BGC0000252	10.39139	13.002485
BGC0000253	11.195965	15.503118
BGC0000254	10.913673	15.292719
BGC0000255	12.17553	13.213571
BGC0000256	12.217278	15.14099
BGC0000257	12.450377	13.732513
BGC0000258	11.9602585	13.26277
BGC0000259	11.865295	13.472464
BGC0000260	10.901979	13.2475195
BGC0000261	10.992673	14.553923
BGC0000262	12.661347	16.081015
BGC0000263	12.171538	15.120065
BGC0000264	12.273427	13.686327
BGC0000265	2.0659513	1.4061838
BGC0000266	10.989858	14.561568
BGC0000267	12.661759	16.111427
BGC0000268	12.624678	16.107979
BGC0000269	12.600475	16.056204
BGC0000270	13.168554	11.367926
BGC0000271	11.72626	15.321388
BGC0000272	12.312153	13.8467
BGC0000273	12.5412035	16.07002
BGC0000274	11.695552	15.305096
BGC0000275	11.884949	14.877039
BGC0000277	2.2031114	1.3484111
BGC0000278	2.124356	1.3919169
BGC0000279	11.079331	15.501176
BGC0000280	11.166915	13.901168
BGC0000281	11.229085	13.930327
BGC0000282	11.036466	13.993644
BGC0000283	3.540641	1.506605
BGC0000284	3.9256845	0.9923446
BGC0000285	11.1852665	14.129804
BGC0000286	9.395904	12.424394
BGC0000287	14.071431	-2.897332
BGC0000288	11.217999	-3.1895025
BGC0000289	10.8369	-3.691914
BGC0000290	11.138742	-3.5885231
BGC0000291	11.477239	-3.7896132
BGC0000292	10.909102	-1.3874528
BGC0000293	10.993791	-1.6658593
BGC0000294	11.810221	-2.7311807
BGC0000295	9.603433	-1.7940772
BGC0000296	12.720491	-3.7006736
BGC0000297	16.575356	6.702509
BGC0000298	14.061098	-2.9161985
BGC0000300	12.65663	-3.5119188
BGC0000301	12.862626	-2.348418
BGC0000302	13.047584	-2.3079867
BGC0000303	11.036638	-2.8397973
BGC0000304	10.276	-1.0574099
BGC0000305	13.405577	-2.8643053
BGC0000306	12.055526	-3.7084973
BGC0000307	10.49649	-1.8541089
BGC0000308	11.897076	-3.6549532
BGC0000309	12.168376	-2.4244392
BGC0000310	12.512799	-2.5479088
BGC0000311	10.888036	-3.7695053
BGC0000312	10.332582	-1.0764642
BGC0000313	11.105928	-1.9115175
BGC0000314	16.121271	6.9235983
BGC0000315	12.30588	-3.5509706
BGC0000316	11.852689	-3.749013
BGC0000319	11.834953	-3.2099342
BGC0000320	15.833083	7.4811597
BGC0000321	11.092658	-2.11802
BGC0000322	11.949851	-2.658404
BGC0000323	12.891436	-3.008572
BGC0000324	12.551244	-3.5939758
BGC0000325	11.512957	-2.0882304
BGC0000326	13.197082	-2.6303298
BGC0000327	11.738046	-2.791907
BGC0000328	10.954873	-2.5985944
BGC0000329	12.482629	-2.6880963
BGC0000330	12.909547	-2.4887211
BGC0000331	12.5142145	-2.6716678
BGC0000332	12.24204	-2.1839726
BGC0000333	12.58791	-3.705653
BGC0000334	16.302252	7.006037
BGC0000335	17.366844	7.3205066
BGC0000336	11.490204	-3.7461388
BGC0000337	10.329209	-0.9985467
BGC0000339	12.014753	-3.072772
BGC0000340	10.603894	-3.4234025
BGC0000341	11.740562	-3.4243584
BGC0000342	10.4334345	-1.6522007
BGC0000343	12.448205	-2.3544333
BGC0000344	12.928249	-3.3289518
BGC0000345	17.074621	9.208195
BGC0000346	17.088127	9.240268
BGC0000347	11.830429	-3.2937415
BGC0000348	10.454605	-1.7335079
BGC0000349	12.953818	-3.5807183
BGC0000350	11.323631	-2.565619
BGC0000351	11.741015	-3.3668623
BGC0000352	11.957957	-2.6950111
BGC0000353	13.687681	-3.1042316
BGC0000354	12.540557	-3.567619
BGC0000355	12.128808	-2.227284
BGC0000356	9.986897	-0.77254033
BGC0000357	11.120056	-1.7627321
BGC0000359	12.246603	-3.7382889
BGC0000360	13.710787	-3.1215618
BGC0000362	11.692347	-3.65923
BGC0000363	11.342088	-3.5608146
BGC0000364	11.315127	-3.4115994
BGC0000365	16.885546	8.193982
BGC0000366	12.506145	-3.6230478
BGC0000367	13.051092	-3.1628442
BGC0000368	12.223449	-3.6805272
BGC0000369	12.208294	-2.3663878
BGC0000371	11.653916	-3.5806386
BGC0000372	10.847774	-1.5061866
BGC0000373	12.461403	-3.5657847
BGC0000374	12.827646	-3.6147273
BGC0000375	11.606868	-3.0530334
BGC0000376	13.6602125	-2.6686594
BGC0000377	12.19571	-2.8316386
BGC0000378	11.859237	-3.294955
BGC0000379	12.1508045	-3.6743698
BGC0000380	16.51273	9.062232
BGC0000381	11.836678	-2.7050068
BGC0000382	11.021765	-1.6216301
BGC0000383	16.632404	7.6877656
BGC0000384	10.718624	-1.3931947
BGC0000385	13.46179	-2.755475
BGC0000386	13.15376	-2.5214496
BGC0000387	3.5602467	2.0613604
BGC0000388	12.258309	-3.1662161
BGC0000391	12.592736	-2.9940138
BGC0000392	12.539782	-3.4938183
BGC0000393	12.534054	-2.446257
BGC0000394	12.210799	-3.2757347
BGC0000395	13.042484	-2.4310336
BGC0000396	13.308333	-2.517406
BGC0000397	12.253096	-2.419546
BGC0000398	13.506525	-2.7831814
BGC0000399	13.19543	-3.1683629
BGC0000400	13.281931	-2.6522799
BGC0000401	13.479807	-2.7081127
BGC0000402	16.512468	6.7598343
BGC0000403	11.751853	-2.788604
BGC0000404	11.029391	-1.6116639
BGC0000405	10.9786415	-1.445437
BGC0000406	13.163616	-3.4557557
BGC0000407	12.582296	-2.4400918
BGC0000408	12.833036	-2.5788045
BGC0000409	11.392489	-1.9231262
BGC0000410	12.179909	-2.281712
BGC0000411	13.126417	-2.3871143
BGC0000412	13.582523	-3.2529194
BGC0000413	12.800831	-3.3214943
BGC0000414	11.002519	-1.460554
BGC0000415	11.786967	-3.0876746
BGC0000416	12.298401	-2.4065864
BGC0000417	11.522192	-3.815127
BGC0000418	10.680266	-3.7742112
BGC0000419	10.716897	-3.7682521
BGC0000420	10.672527	-1.2081279
BGC0000421	13.1533	-2.490154
BGC0000422	12.546647	-3.6878464
BGC0000423	12.888165	-3.6778913
BGC0000424	11.288122	-2.3853285
BGC0000425	13.050683	-2.966736
BGC0000426	13.485034	-2.634992
BGC0000427	10.441343	-2.3643594
BGC0000428	11.355982	-3.874494
BGC0000429	14.037543	-2.932084
BGC0000430	17.068647	6.975174
BGC0000431	12.231883	-3.6658728
BGC0000432	12.717851	-3.7451072
BGC0000433	11.844208	-2.6014628
BGC0000434	12.467058	-3.3069084
BGC0000435	13.0786085	-3.2332566
BGC0000436	12.896375	-2.60176
BGC0000437	13.6202135	-3.0069213
BGC0000438	12.988283	-2.8933694
BGC0000439	11.6024065	-3.8149054
BGC0000440	11.147997	-3.7481334
BGC0000441	11.195872	-3.78215
BGC0000442	9.817423	-1.7865566
BGC0000443	11.984559	-2.8263836
BGC0000444	11.509949	-1.9080663
BGC0000445	11.868168	-3.6801507
BGC0000446	11.375437	-2.8212488
BGC0000447	13.114236	-3.273743
BGC0000448	12.307765	-2.952354
BGC0000449	11.672806	-2.8860078
BGC0000450	12.684131	-3.535272
BGC0000451	11.22864	-2.4611068
BGC0000452	12.045339	-2.266389
BGC0000453	10.563778	-3.6078117
BGC0000454	11.190422	-1.7504725
BGC0000455	11.074232	-3.706228
BGC0000457	11.16872	-2.6601224
BGC0000458	11.83951	-3.7490823
BGC0000459	16.879087	9.199343
BGC0000460	11.209803	-2.415018
BGC0000461	13.408441	-3.0699577
BGC0000464	13.28244	-2.4868617
BGC0000465	12.47796	-2.2771442
BGC0000466	9.787675	-1.7232974
BGC0000467	14.687566	10.494779
BGC0000468	-2.1307466	9.761865
BGC0000469	-2.630543	10.390038
BGC0000470	-2.4358234	10.212814
BGC0000471	-2.46401	10.759857
BGC0000472	-2.2180948	9.788539
BGC0000473	-3.9807715	11.348901
BGC0000474	-2.472626	11.05446
BGC0000475	-2.2648265	10.114595
BGC0000476	-2.9621387	10.732914
BGC0000477	-2.4150944	11.595881
BGC0000478	-3.4996228	11.831187
BGC0000479	-2.8216732	10.668024
BGC0000480	-2.996618	11.801808
BGC0000481	-1.5975806	9.491483
BGC0000482	-3.118337	11.408173
BGC0000483	-1.3141737	8.484045
BGC0000484	-2.8246806	11.626539
BGC0000485	2.5604525	2.7419734
BGC0000486	-1.4637941	9.521273
BGC0000487	-1.5720032	9.6704
BGC0000488	-1.91252	9.85618
BGC0000489	-1.9760177	10.311252
BGC0000490	-2.1679718	10.423356
BGC0000491	-2.2537348	10.825454
BGC0000492	-1.5183843	9.386088
BGC0000493	-1.4935943	9.606014
BGC0000494	-1.6554725	9.653006
BGC0000495	-2.2932572	11.280349
BGC0000496	-2.4009016	10.582532
BGC0000497	-2.9197333	11.779658
BGC0000498	-3.1838639	11.243988
BGC0000499	-3.0084295	10.966928
BGC0000500	-3.9134622	11.53967
BGC0000501	-3.1685781	11.799445
BGC0000502	-2.8291135	10.710562
BGC0000503	-2.5268784	11.196535
BGC0000504	-3.9292912	11.870568
BGC0000505	-2.3500845	10.561189
BGC0000506	-2.7364087	11.562919
BGC0000507	-2.5901225	11.204098
BGC0000508	-2.8905993	11.467112
BGC0000509	-3.710395	11.610034
BGC0000510	-2.4926052	10.465094
BGC0000511	-2.7268307	11.444573
BGC0000513	-2.4828892	11.205972
BGC0000514	-3.2423158	11.628974
BGC0000515	-3.5944636	12.119021
BGC0000516	-2.9356756	11.690762
BGC0000517	-2.5543563	11.232383
BGC0000518	-2.5554461	11.15403
BGC0000519	-3.7638965	12.279742
BGC0000520	-3.0151298	11.693174
BGC0000521	-3.7054715	11.497664
BGC0000522	-2.3681216	11.282758
BGC0000523	-1.6585505	9.597898
BGC0000525	-3.2097325	11.802097
BGC0000526	-3.848222	11.552252
BGC0000527	-2.9655669	10.817823
BGC0000528	-2.5150666	10.526891
BGC0000529	-3.8515346	11.042934
BGC0000530	-3.7803016	11.950144
BGC0000531	-3.7995756	12.061798
BGC0000532	-3.7600698	11.9672575
BGC0000533	-3.616169	11.990339
BGC0000534	-3.9370117	11.443135
BGC0000535	-3.0052543	11.81996
BGC0000536	-3.6627586	11.982732
BGC0000537	-3.7440825	12.024996
BGC0000538	-3.724312	12.156038
BGC0000539	-2.961235	11.745623
BGC0000540	-3.3111088	11.927615
BGC0000541	-3.7259657	12.159569
BGC0000542	-3.5711498	12.0972
BGC0000543	-2.5170352	10.90083
BGC0000544	-3.7908826	12.328414
BGC0000545	-2.2312686	10.613662
BGC0000546	-3.162751	11.746109
BGC0000547	-3.806739	11.450927
BGC0000548	-3.7338614	11.719334
BGC0000549	-2.577527	11.278628
BGC0000550	-3.7005904	11.4277315
BGC0000551	-2.6453636	11.146047
BGC0000552	-2.7659342	11.735838
BGC0000553	-1.939504	9.671386
BGC0000554	-3.7791338	11.295697
BGC0000555	-3.8125062	11.995519
BGC0000556	-2.6045218	11.283314
BGC0000557	-3.662746	11.532854
BGC0000558	-2.1083634	9.779156
BGC0000559	-3.5869815	12.073677
BGC0000560	-3.4543157	11.556429
BGC0000561	-3.5350842	11.509915
BGC0000562	-3.1503577	11.603906
BGC0000563	-2.4092894	11.043533
BGC0000564	-2.8774822	11.5506935
BGC0000565	-3.1379247	10.933675
BGC0000566	-3.8241143	12.03916
BGC0000567	-1.573965	9.2406845
BGC0000568	-1.9547466	9.902054
BGC0000569	-2.0197322	9.933943
BGC0000570	-1.5967597	9.555863
BGC0000571	-2.7508128	11.301054
BGC0000572	-2.3177972	11.142175
BGC0000573	-2.9560487	11.783731
BGC0000574	-2.3078315	10.660037
BGC0000575	-3.341506	11.8562975
BGC0000576	-2.9869733	11.422376
BGC0000577	-3.416537	11.837123
BGC0000578	-2.3409584	10.523439
BGC0000579	-3.7309139	12.436318
BGC0000580	-3.7358458	11.520532
BGC0000581	-1.4666328	9.398404
BGC0000582	-3.3336804	11.86558
BGC0000583	-1.522373	9.331139
BGC0000584	-1.7483941	9.383864
BGC0000585	-1.2982421	8.459519
BGC0000586	-2.439636	10.818426
BGC0000587	-2.4145882	10.464744
BGC0000588	-1.6198072	9.314702
BGC0000589	-2.4234087	10.724566
BGC0000590	-1.6610649	9.176624
BGC0000591	-2.1833177	9.978377
BGC0000592	-1.6104423	9.504583
BGC0000593	-1.7068728	9.518714
BGC0000594	-3.6661055	11.338291
BGC0000595	-1.2709162	8.401512
BGC0000596	-1.4700304	8.844182
BGC0000597	-1.2601318	8.414328
BGC0000598	-2.187352	10.57099
BGC0000599	-2.982202	11.394234
BGC0000600	-2.5315137	11.12705
BGC0000601	-1.3542393	8.600617
BGC0000602	-1.8848784	9.589842
BGC0000603	-3.9889355	11.093735
BGC0000604	-3.6567512	11.168394
BGC0000605	-3.4949534	11.49731
BGC0000606	-1.8686477	9.54278
BGC0000607	-4.020353	11.1356945
BGC0000608	-3.946858	11.077052
BGC0000609	-3.4649184	11.546543
BGC0000610	-3.6447117	11.002073
BGC0000611	-3.9287655	11.059173
BGC0000612	-4.038856	11.284314
BGC0000613	-3.8580902	11.483095
BGC0000614	-2.4175692	10.420201
BGC0000615	-4.01042	11.082209
BGC0000616	-1.5251545	9.315428
BGC0000617	-1.6365911	9.182613
BGC0000618	-1.4835591	8.899223
BGC0000619	-1.7402335	9.779228
BGC0000620	-2.3636565	11.464465
BGC0000621	-1.3022821	8.628089
BGC0000622	-1.2545886	8.404121
BGC0000623	-3.0435839	11.041007
BGC0000624	-1.5947235	9.405138
BGC0000625	-2.5439436	10.902692
BGC0000626	-2.9395792	11.502599
BGC0000627	-2.7146351	10.648796
BGC0000628	-4.0409064	11.291874
BGC0000630	8.448364	5.616484
BGC0000631	8.055326	6.027013
BGC0000632	8.391134	6.1378565
BGC0000633	8.132103	6.267185
BGC0000634	9.139711	6.125495
BGC0000635	9.107043	6.096327
BGC0000636	8.083933	5.637563
BGC0000637	8.206732	5.7124453
BGC0000638	8.390941	5.548845
BGC0000639	8.500914	5.494111
BGC0000640	8.999725	6.3463197
BGC0000641	8.489639	5.4808974
BGC0000642	8.568525	5.5676527
BGC0000643	9.088043	6.096977
BGC0000644	8.511889	6.4495435
BGC0000645	8.508363	5.500946
BGC0000646	8.341731	5.64614
BGC0000647	8.512276	5.559974
BGC0000648	8.927645	6.2540665
BGC0000649	8.809259	6.311158
BGC0000650	4.6247573	2.5243244
BGC0000651	9.060841	6.729725
BGC0000652	9.377438	12.333994
BGC0000653	8.133878	5.8227434
BGC0000654	8.332941	5.993082
BGC0000656	8.991833	6.158215
BGC0000657	8.446784	5.5990863
BGC0000658	8.35928	5.673719
BGC0000659	4.428143	2.7277598
BGC0000660	8.440988	5.5396476
BGC0000661	9.125707	6.107735
BGC0000662	8.138253	5.698872
BGC0000663	9.045067	6.7205515
BGC0000664	8.137975	6.255537
BGC0000665	6.2882867	2.041285
BGC0000666	6.2151446	2.0330796
BGC0000667	9.119845	6.1628923
BGC0000668	6.279852	2.0473027
BGC0000669	9.050192	6.708867
BGC0000670	8.32966	6.342397
BGC0000671	9.057078	6.723431
BGC0000672	9.015691	6.7202563
BGC0000673	4.462655	2.6566
BGC0000674	8.271726	6.528305
BGC0000675	8.22828	6.118543
BGC0000676	8.915864	6.853103
BGC0000677	8.3204155	5.833776
BGC0000678	8.505285	6.3864775
BGC0000679	8.945	5.993039
BGC0000682	9.396356	12.405067
BGC0000683	8.481764	5.5466557
BGC0000684	9.786077	12.695235
BGC0000685	8.550318	6.0113935
BGC0000686	8.6965275	6.859298
BGC0000687	8.782107	6.7354336
BGC0000688	9.0449915	6.710517
BGC0000689	0.22619443	1.6979486
BGC0000690	0.28630874	1.2858328
BGC0000691	0.60952365	2.1261253
BGC0000692	0.047185466	1.2590199
BGC0000693	0.44447812	2.0780594
BGC0000694	0.70066416	2.1496685
BGC0000695	0.15911604	1.5443374
BGC0000696	-0.052077796	1.3764229
BGC0000698	1.6813483	1.5245904
BGC0000699	0.42351314	1.9520677
BGC0000700	0.5142479	2.21466
BGC0000701	0.64757085	1.7775085
BGC0000702	-0.64503855	1.390537
BGC0000703	-0.584082	1.3475982
BGC0000704	-0.6502721	1.2682111
BGC0000705	-0.67812127	1.4006155
BGC0000706	-0.07842366	1.3066818
BGC0000707	0.27539644	1.5551769
BGC0000708	-0.48313537	1.2709693
BGC0000709	-0.042510577	1.3153702
BGC0000711	-0.35788965	1.283921
BGC0000712	0.10652546	1.4300992
BGC0000713	-0.64949024	1.3075036
BGC0000714	-0.54927796	1.2826797
BGC0000715	0.50745267	1.4239447
BGC0000716	0.24063738	1.6187929
BGC0000719	-0.5764006	1.2666656
BGC0000720	0.21433787	1.9786012
BGC0000721	-0.5418742	1.3798271
BGC0000722	0.7228203	1.7001369
BGC0000723	0.6382489	1.6895751
BGC0000724	0.08069182	1.2459147
BGC0000725	0.6029611	2.1038332
BGC0000727	0.032008167	1.909505
BGC0000728	-0.6819463	1.285323
BGC0000729	-0.6651032	1.3140926
BGC0000730	0.261302	2.0584018
BGC0000731	0.048263043	1.9967213
BGC0000732	0.3350831	1.7894287
BGC0000733	-0.05472488	2.022935
BGC0000734	-0.6223031	1.5208019
BGC0000735	0.3910516	2.1537955
BGC0000736	-0.07186025	1.9928714
BGC0000737	-0.158689	1.7485504
BGC0000738	-0.16947451	1.7925727
BGC0000739	-0.050213795	2.0247853
BGC0000740	-0.5917841	1.412528
BGC0000741	-0.67147046	1.3840579
BGC0000742	0.137622	1.6882262
BGC0000743	0.028822545	2.0394585
BGC0000744	-0.69699305	1.2849795
BGC0000745	-0.69920075	1.3040289
BGC0000746	-0.5512727	1.3616295
BGC0000747	-0.6398886	1.3485974
BGC0000748	-0.71359175	1.276616
BGC0000749	1.1790197	2.219285
BGC0000751	-0.34375474	1.5802523
BGC0000752	-0.30999908	1.620156
BGC0000753	0.44910267	1.8683095
BGC0000754	0.3376594	2.0287306
BGC0000755	0.15576027	1.9587767
BGC0000756	-0.18954614	1.7734431
BGC0000757	-0.26771092	1.783171
BGC0000758	-0.2612995	1.5945922
BGC0000759	-0.08371799	1.8346174
BGC0000760	0.0047675148	2.0458899
BGC0000761	0.3824692	1.8148539
BGC0000762	-0.64247495	1.5595387
BGC0000763	-0.16517523	1.8318074
BGC0000764	-0.37114534	1.7505836
BGC0000765	-0.38416737	1.3997436
BGC0000766	-0.5522833	1.2738883
BGC0000767	-0.6284917	1.334286
BGC0000768	0.14659357	2.0904262
BGC0000769	-0.008512343	1.5698557
BGC0000770	-0.6597368	1.4020677
BGC0000772	-0.6664661	1.494093
BGC0000773	-0.11091611	1.7718151
BGC0000774	0.861145	1.8713988
BGC0000775	-0.1978807	1.676774
BGC0000776	-0.059777	1.9724693
BGC0000777	-0.047291853	2.0356784
BGC0000778	1.1216719	2.155924
BGC0000779	0.58944046	2.1023326
BGC0000780	-0.10460551	1.5190562
BGC0000781	0.47047493	1.3931535
BGC0000782	0.19053221	1.5074524
BGC0000783	0.568737	2.1856036
BGC0000784	0.0039778217	2.034286
BGC0000785	-0.033515103	1.4107727
BGC0000786	-0.41385305	1.5622605
BGC0000787	-0.3908654	1.4483066
BGC0000788	-0.28337613	1.3831117
BGC0000789	-0.39774433	1.666411
BGC0000790	-0.49916908	1.443199
BGC0000791	-0.43316546	1.484063
BGC0000792	0.51740265	1.8351353
BGC0000793	0.47094378	1.7631035
BGC0000794	-0.5136921	1.4573977
BGC0000795	-0.06479872	2.0140383
BGC0000796	0.23370418	2.0904827
BGC0000797	0.15006778	2.1045709
BGC0000798	4.5942187	2.640276
BGC0000799	-0.06838218	2.0437782
BGC0000800	0.24188355	1.9827701
BGC0000801	0.5840336	1.6680856
BGC0000802	-1.1761609	8.282595
BGC0000803	-0.49783704	1.6914643
BGC0000804	0.25744757	1.2892066
BGC0000806	-0.16609502	1.7190471
BGC0000807	-0.16552506	1.914694
BGC0000809	5.063619	1.9556166
BGC0000810	4.6336207	2.527859
BGC0000811	6.238826	2.0282161
BGC0000812	5.7002215	2.1780844
BGC0000813	6.1956825	1.6926626
BGC0000814	6.17826	1.6884475
BGC0000815	6.0183244	1.9798849
BGC0000816	10.341797	-1.522134
BGC0000817	5.360746	2.0000734
BGC0000818	10.269931	-0.95466304
BGC0000819	10.244227	-0.9403666
BGC0000820	6.1727676	1.7399685
BGC0000821	6.1872554	1.6984618
BGC0000825	6.178439	1.6942503
BGC0000826	6.1512694	1.7112849
BGC0000827	6.176611	1.7132429
BGC0000829	5.6221333	1.9394884
BGC0000830	2.8665664	2.4705036
BGC0000831	3.3728535	1.684316
BGC0000832	0.20243596	1.6500266
BGC0000833	2.3738096	1.5756578
BGC0000834	0.118392	1.6392164
BGC0000836	3.3480115	1.1354655
BGC0000837	3.7631576	1.76665
BGC0000838	11.315907	13.887867
BGC0000839	3.3880062	0.9411554
BGC0000840	3.0856977	2.23809
BGC0000841	3.899846	2.2419157
BGC0000842	2.7656014	1.4281096
BGC0000843	3.6542227	2.6733403
BGC0000844	2.9320986	1.3043039
BGC0000845	2.834644	1.298643
BGC0000846	3.6519725	2.1021092
BGC0000847	3.7469943	2.3077004
BGC0000848	3.4855886	2.9897182
BGC0000849	2.9392345	2.131087
BGC0000850	3.4749286	1.5622952
BGC0000851	2.79522	2.5169852
BGC0000852	3.5460145	1.8281473
BGC0000853	3.86833	1.8623619
BGC0000854	3.3033082	2.3326907
BGC0000855	3.2868593	3.0997713
BGC0000856	3.2670887	2.8492968
BGC0000857	2.654123	1.8521458
BGC0000858	3.0764022	2.7194889
BGC0000859	2.618913	2.5903602
BGC0000860	3.367375	2.8316684
BGC0000861	3.125038	0.8429711
BGC0000862	3.3106868	0.82112795
BGC0000863	3.2554	0.8255157
BGC0000864	3.3427901	0.87519747
BGC0000865	3.2593904	0.83885074
BGC0000866	3.773856	1.6985068
BGC0000867	3.2280726	2.739177
BGC0000868	2.4119039	2.468477
BGC0000869	13.209087	13.124282
BGC0000870	3.1789722	3.1784148
BGC0000871	3.2188587	2.3497183
BGC0000872	2.8515327	1.3653829
BGC0000873	2.7081633	1.195704
BGC0000874	2.6050649	1.9924972
BGC0000875	1.0448782	1.8443758
BGC0000876	9.500079	-1.9504124
BGC0000877	3.9257188	1.9776636
BGC0000878	2.5081854	2.2660272
BGC0000879	4.1141696	1.9873533
BGC0000880	2.2570717	1.5258058
BGC0000881	4.0788565	1.4446374
BGC0000882	3.9903004	2.0055628
BGC0000883	4.26326	1.6330024
BGC0000884	3.7290015	2.0914066
BGC0000885	3.7547898	1.551218
BGC0000886	13.375586	13.71532
BGC0000887	6.152096	1.7782565
BGC0000888	1.525594	2.353804
BGC0000889	3.7707982	2.061011
BGC0000890	3.848556	1.6925917
BGC0000891	3.4629917	2.8176758
BGC0000892	3.5019104	2.7705414
BGC0000893	11.141472	-3.2427251
BGC0000894	3.8995	1.0562909
BGC0000895	3.291161	2.2285955
BGC0000896	3.5316231	1.4865113
BGC0000897	3.9991932	1.8690239
BGC0000898	-0.6901744	1.207691
BGC0000899	0.3722371	1.8567477
BGC0000900	9.515403	-1.9873166
BGC0000901	10.555634	-2.2481613
BGC0000902	11.133619	14.097427
BGC0000903	3.6803472	2.6615922
BGC0000904	4.056977	1.3399079
BGC0000905	3.2896304	2.6681285
BGC0000906	3.2718835	2.9757104
BGC0000907	3.6574957	2.064717
BGC0000908	4.202301	2.7011766
BGC0000909	2.8087733	2.4286814
BGC0000910	2.651991	2.2370272
BGC0000911	3.701628	2.4252012
BGC0000912	3.7152686	1.5834019
BGC0000913	3.079222	2.616142
BGC0000914	3.5278082	1.0266962
BGC0000915	2.5626879	1.4790807
BGC0000916	2.9022336	1.9310459
BGC0000917	3.4791589	2.837791
BGC0000918	2.987029	2.1232767
BGC0000919	3.9582114	1.5998882
BGC0000920	3.2239506	2.680935
BGC0000921	14.080907	11.304942
BGC0000922	3.4343226	1.3963008
BGC0000923	3.600508	1.7743938
BGC0000924	4.572505	2.2828631
BGC0000925	3.3659058	2.7120981
BGC0000926	3.083406	2.1271687
BGC0000927	3.8373892	2.097318
BGC0000929	2.7285771	2.2593126
BGC0000930	8.374454	6.640062
BGC0000932	3.0018716	2.737344
BGC0000933	2.928793	2.4222138
BGC0000934	5.44073	2.0066967
BGC0000935	13.753977	12.796281
BGC0000936	3.281338	2.9589896
BGC0000937	3.866726	1.9226761
BGC0000938	3.775725	1.7905636
BGC0000939	3.616766	1.9397545
BGC0000940	3.9623563	1.487923
BGC0000941	4.0585833	1.4943429
BGC0000942	3.1618247	2.9863644
BGC0000943	2.6500878	2.0277174
BGC0000944	3.2731981	2.4141893
BGC0000945	9.379693	-1.9028056
BGC0000946	3.4016418	3.0671954
BGC0000947	2.3646507	2.5093715
BGC0000948	3.2443173	2.8581944
BGC0000949	11.209706	-3.6718893
BGC0000950	9.598902	-1.9413899
BGC0000951	11.6423	-2.7388425
BGC0000953	-0.07208762	1.4398259
BGC0000954	16.346207	8.994035
BGC0000955	13.259163	-2.4713342
BGC0000956	15.523938	8.822514
BGC0000957	16.2116	6.888631
BGC0000958	17.01015	8.936392
BGC0000959	14.815778	9.91882
BGC0000960	17.228556	8.0560665
BGC0000961	16.94355	9.03164
BGC0000962	16.889118	6.946156
BGC0000963	17.074966	9.638217
BGC0000964	16.718538	9.287469
BGC0000965	16.964521	9.783641
BGC0000966	16.87273	8.880273
BGC0000967	15.638659	8.619953
BGC0000968	14.637933	10.069082
BGC0000969	17.025936	7.88412
BGC0000970	16.170034	8.943603
BGC0000971	14.3176155	11.72178
BGC0000972	16.617033	9.076741
BGC0000973	17.183285	8.306915
BGC0000974	16.99801	7.979321
BGC0000975	16.777199	7.9272695
BGC0000976	14.085538	10.932921
BGC0000977	14.461977	10.382966
BGC0000978	14.915123	9.649742
BGC0000979	15.653908	9.393083
BGC0000980	15.576559	9.249347
BGC0000981	14.840689	9.900981
BGC0000982	17.340097	7.851452
BGC0000983	13.14432	10.65179
BGC0000984	17.267996	7.709543
BGC0000985	17.196882	8.710908
BGC0000986	17.21583	7.157212
BGC0000988	17.22924	8.138271
BGC0000989	16.978508	8.120219
BGC0000990	17.156368	8.257249
BGC0000991	16.998611	8.021134
BGC0000992	13.418794	11.525923
BGC0000993	17.16272	8.068463
BGC0000994	17.131847	8.920396
BGC0000995	16.407755	8.972071
BGC0000996	14.854818	10.341951
BGC0000997	13.654593	-2.6782563
BGC0000998	14.804496	10.511342
BGC0000999	14.711807	10.427225
BGC0001000	15.412156	9.257851
BGC0001001	16.777674	7.936351
BGC0001002	14.891067	10.463565
BGC0001003	17.051102	9.660231
BGC0001004	12.315764	14.6951685
BGC0001005	17.31315	7.2825303
BGC0001006	16.75147	9.027638
BGC0001007	16.835499	8.989856
BGC0001008	16.983747	9.763641
BGC0001010	17.440935	7.6469293
BGC0001011	17.17805	9.011476
BGC0001012	17.123964	9.159539
BGC0001013	16.865728	8.356249
BGC0001014	16.807554	8.602928
BGC0001015	16.416842	6.8168793
BGC0001016	16.52129	6.721758
BGC0001017	16.287067	6.9286766
BGC0001018	12.827186	-2.4360752
BGC0001019	17.42849	7.797324
BGC0001020	10.578787	-2.5399542
BGC0001021	16.237827	6.8894076
BGC0001022	16.571924	9.020966
BGC0001023	17.000462	7.7928653
BGC0001024	17.33459	7.7131186
BGC0001025	17.463346	7.596847
BGC0001026	13.285013	10.553236
BGC0001027	13.8290415	-2.9721687
BGC0001028	16.321106	6.9228263
BGC0001029	16.354437	6.8747087
BGC0001030	15.147803	9.298227
BGC0001031	14.945629	9.969746
BGC0001032	14.673844	10.486799
BGC0001033	16.66754	6.8415055
BGC0001034	14.19574	11.186034
BGC0001035	15.363218	9.268809
BGC0001036	16.753817	7.6460996
BGC0001037	13.40256	10.334345
BGC0001038	14.904276	10.680359
BGC0001039	17.036184	8.083119
BGC0001040	17.089602	9.082466
BGC0001041	14.852969	10.505073
BGC0001042	17.137617	9.345982
BGC0001043	14.644524	10.573044
BGC0001044	10.694644	-1.1793094
BGC0001045	16.803614	8.989514
BGC0001046	17.02244	9.805253
BGC0001047	13.2781725	-2.7362247
BGC0001048	17.122263	9.035339
BGC0001049	14.710469	9.705016
BGC0001050	15.709256	8.107821
BGC0001051	14.252133	11.273611
BGC0001052	17.190481	8.418849
BGC0001053	17.289667	7.243378
BGC0001054	14.887091	10.3777275
BGC0001055	17.124624	7.5307183
BGC0001056	16.87298	8.062403
BGC0001057	14.625622	10.148558
BGC0001058	17.155046	9.315474
BGC0001059	17.168379	8.086975
BGC0001060	12.787541	13.728976
BGC0001061	13.118838	15.10946
BGC0001062	12.1418915	12.564489
BGC0001063	16.76736	8.875933
BGC0001064	12.478916	11.485591
BGC0001065	12.580214	13.356758
BGC0001066	12.858299	14.265725
BGC0001067	12.482788	11.506617
BGC0001068	12.377901	10.620127
BGC0001069	16.756887	9.479781
BGC0001070	16.99282	7.959879
BGC0001071	14.801768	9.728797
BGC0001072	13.540158	14.350864
BGC0001073	16.923326	9.724624
BGC0001074	12.342884	16.060587
BGC0001075	9.517829	12.492062
BGC0001076	2.6258109	1.7371426
BGC0001077	11.186885	13.992808
BGC0001078	9.370449	12.369425
BGC0001079	9.384513	12.406235
BGC0001080	2.9409082	0.96011466
BGC0001082	8.45634	6.0874863
BGC0001083	9.597504	12.495992
BGC0001084	10.039563	-0.7241237
BGC0001085	10.377389	-1.3248295
BGC0001088	13.54079	-2.7069864
BGC0001089	16.702044	9.355429
BGC0001090	17.364668	7.4851832
BGC0001091	14.8116	10.150536
BGC0001093	16.652613	9.147432
BGC0001094	16.677633	9.158885
BGC0001095	12.159355	-2.4522774
BGC0001098	17.414886	7.558713
BGC0001099	17.282953	7.2484345
BGC0001100	17.157234	9.194247
BGC0001101	13.77046	-2.897338
BGC0001102	14.750331	10.760297
BGC0001103	17.300356	7.4583197
BGC0001105	15.641478	8.6236105
BGC0001106	16.580109	6.8495727
BGC0001108	15.667248	8.775121
BGC0001109	16.316328	9.081151
BGC0001110	13.59772	11.677763
BGC0001111	16.772524	9.191111
BGC0001112	14.5819435	10.042998
BGC0001113	16.51081	9.065093
BGC0001114	16.558357	9.144227
BGC0001115	15.8427	8.273779
BGC0001116	17.152613	9.005998
BGC0001117	11.658111	-3.8818808
BGC0001118	13.020187	11.754913
BGC0001119	13.425176	14.674232
BGC0001122	14.362348	10.433345
BGC0001123	10.512163	-1.1087958
BGC0001124	12.220033	11.785373
BGC0001125	16.319324	6.8653455
BGC0001126	6.296277	2.0532675
BGC0001127	13.510147	-2.8470132
BGC0001128	12.353656	-2.5263853
BGC0001130	17.158648	8.172209
BGC0001131	12.526136	-2.3774872
BGC0001132	12.524319	-2.5379508
BGC0001133	12.171977	-2.4798255
BGC0001134	3.4609108	2.721044
BGC0001135	12.369566	-3.6309292
BGC0001136	14.702902	9.732381
BGC0001137	5.8200407	1.9596695
BGC0001138	2.8290813	1.4421988
BGC0001140	8.211084	6.4641943
BGC0001141	13.844874	10.836524
BGC0001142	12.38465	-2.1128302
BGC0001143	10.358771	12.761647
BGC0001144	12.062099	12.360977
BGC0001145	-3.876814	11.096133
BGC0001146	-3.4464736	10.964047
BGC0001147	11.850969	-3.7226388
BGC0001148	11.295415	-2.5349793
BGC0001149	12.788852	-3.1646416
BGC0001150	13.463073	12.202052
BGC0001151	3.6174695	1.959822
BGC0001152	17.1455	7.038018
BGC0001153	13.582914	-2.6917038
BGC0001154	3.0711188	2.3505394
BGC0001155	-2.7533908	10.478595
BGC0001156	8.583874	6.815569
BGC0001157	-2.2818403	9.822662
BGC0001159	14.273059	11.785588
BGC0001160	13.431699	11.521656
BGC0001161	13.724645	12.134129
BGC0001162	13.203306	12.611025
BGC0001163	13.481634	12.420746
BGC0001164	14.7806225	10.221483
BGC0001165	14.116582	11.54456
BGC0001166	10.431645	-1.7449126
BGC0001167	-1.5664002	9.647121
BGC0001168	11.107015	-2.4013672
BGC0001169	11.763949	14.136927
BGC0001170	-2.8817914	11.708785
BGC0001171	-1.5380346	9.568392
BGC0001172	14.2725115	11.578333
BGC0001173	-1.5600677	9.614641
BGC0001174	-1.3463875	8.519909
BGC0001176	-1.9644554	9.873286
BGC0001177	10.689164	15.260923
BGC0001178	11.183863	-3.7586503
BGC0001179	10.645506	15.224547
BGC0001181	9.057186	5.947626
BGC0001182	5.006349	2.1835337
BGC0001183	17.085066	9.936205
BGC0001184	4.3470335	2.698159
BGC0001185	11.76374	-2.9140754
BGC0001186	12.624272	13.165036
BGC0001187	14.91607	10.427549
BGC0001188	-1.5584601	8.979435
BGC0001189	13.610185	-2.754171
BGC0001190	14.154456	12.469525
BGC0001191	2.5987525	1.9479501
BGC0001192	12.702681	-2.7574203
BGC0001193	11.865294	-3.4666526
BGC0001194	13.537032	12.473577
BGC0001195	17.128391	8.854137
BGC0001196	12.59013	-3.6459887
BGC0001197	11.906078	13.7179165
BGC0001198	9.058975	6.2202544
BGC0001199	13.861678	12.712146
BGC0001200	13.493553	12.714197
BGC0001201	8.193621	5.744763
BGC0001202	16.774433	8.612943
BGC0001203	17.176521	9.254027
BGC0001204	13.356584	14.758211
BGC0001205	12.508514	10.92465
BGC0001206	4.0574746	1.6773036
BGC0001207	13.194752	-3.2478411
BGC0001209	-2.3291614	11.532148
BGC0001210	-3.8505294	11.580009
BGC0001211	12.802512	-3.3605676
BGC0001212	17.076992	7.1310563
BGC0001213	12.652284	13.785978
BGC0001214	12.884634	-3.2244847
BGC0001215	16.155985	6.9393945
BGC0001216	17.139261	8.606905
BGC0001217	3.3559613	2.4298067
BGC0001218	14.895037	9.783358
BGC0001219	10.015052	12.856105
BGC0001220	11.061508	-1.4556879
BGC0001221	3.993941	1.2974471
BGC0001222	-1.4986488	9.621889
BGC0001223	5.245033	1.9811134
BGC0001224	6.0555096	1.8339316
BGC0001225	10.168373	-1.5927042
BGC0001226	-3.2153316	11.731061
BGC0001227	8.080073	6.0622454
BGC0001228	12.109617	-3.822882
BGC0001229	-2.4664245	11.600108
BGC0001230	16.161089	6.8757014
BGC0001231	17.190617	8.651379
BGC0001233	12.082574	-2.9923103
BGC0001235	17.077118	8.217284
BGC0001236	13.58958	12.295405
BGC0001237	13.092691	11.521636
BGC0001238	2.9892359	2.7507083
BGC0001239	3.6003509	1.8276929
BGC0001240	11.990483	-1.9747295
BGC0001241	6.35365	1.8444595
BGC0001242	10.758923	13.140426
BGC0001244	12.423836	12.855503
BGC0001245	10.26488	13.044659
BGC0001246	12.332958	12.384959
BGC0001248	9.128769	6.0108
BGC0001249	11.109421	-2.748219
BGC0001250	10.199517	-1.5496566
BGC0001251	10.33934	-1.4793653
BGC0001252	14.271526	11.784099
BGC0001254	13.995007	10.79914
BGC0001255	14.7368355	10.223338
BGC0001257	11.100373	13.161316
BGC0001258	10.669532	13.245437
BGC0001260	8.649438	6.3738894
BGC0001261	10.350876	-1.5045305
BGC0001262	12.555231	10.418751
BGC0001264	13.258178	10.634829
BGC0001266	10.332111	12.55586
BGC0001267	8.104992	6.0099607
BGC0001268	14.732249	10.322309
BGC0001273	13.484365	12.887377
BGC0001275	12.357166	12.409294
BGC0001276	12.926715	12.811123
BGC0001277	8.207666	6.423042
BGC0001278	8.1302805	6.2739987
BGC0001281	10.227242	13.1069975
BGC0001283	13.802641	13.060278
BGC0001284	13.001529	12.004705
BGC0001285	3.1002905	1.7821012
BGC0001286	4.5960126	2.5966961
BGC0001287	13.0497465	13.541259
BGC0001288	13.253152	12.020871
BGC0001289	-3.040703	11.86226
BGC0001290	14.990452	10.236571
BGC0001291	-2.5547676	10.949422
BGC0001292	3.940186	0.8460375
BGC0001293	11.008695	14.464796
BGC0001294	3.9428875	2.0723214
BGC0001295	4.3691044	2.2490373
BGC0001296	12.908485	13.574718
BGC0001297	12.333392	-2.959618
BGC0001298	13.062593	13.478112
BGC0001299	12.667032	12.093475
BGC0001300	13.875532	12.9409685
BGC0001301	12.57263	13.801148
BGC0001302	3.8562698	2.0041044
BGC0001303	13.80166	12.714356
BGC0001304	9.943137	12.660602
BGC0001305	13.276727	10.321716
BGC0001306	-1.3167517	8.524443
BGC0001307	-3.7205718	12.511079
BGC0001310	11.145098	13.8910885
BGC0001311	-3.8869464	11.578448
BGC0001312	12.322127	-2.1217015
BGC0001313	8.178398	6.2659645
BGC0001314	8.868343	6.667001
BGC0001315	6.2536683	2.06035
BGC0001316	3.193747	2.1780407
BGC0001317	9.108392	6.778331
BGC0001318	4.5462203	2.6158493
BGC0001321	8.706234	6.8988237
BGC0001322	8.283574	5.996415
BGC0001323	8.605659	6.798441
BGC0001324	8.204285	6.403563
BGC0001325	6.1684384	1.9707669
BGC0001327	17.299637	8.133844
BGC0001328	16.634777	6.9473615
BGC0001329	17.243872	8.575162
BGC0001330	16.525887	6.758303
BGC0001331	17.133738	7.167975
BGC0001332	17.198603	8.02479
BGC0001333	6.052666	1.9227284
BGC0001334	6.1591716	1.746075
BGC0001335	6.1076145	1.8493384
BGC0001336	6.2070494	1.7493333
BGC0001337	6.0273056	1.9361542
BGC0001338	10.255687	13.108458
BGC0001339	9.8576145	12.571181
BGC0001340	13.193865	11.58389
BGC0001341	9.890864	-2.1716816
BGC0001342	14.172021	11.924922
BGC0001343	12.342779	13.210878
BGC0001344	17.45205	7.5352154
BGC0001345	12.873153	-2.453177
BGC0001346	13.384113	-2.7574937
BGC0001348	12.674247	13.399308
BGC0001349	14.296496	11.708642
BGC0001350	12.630442	13.179722
BGC0001351	11.835304	-3.320188
BGC0001356	-1.5207508	8.934912
BGC0001357	12.400499	11.928484
BGC0001358	15.266975	9.28624
BGC0001360	11.272358	13.017542
BGC0001361	4.2325673	2.753049
BGC0001363	17.193953	7.115419
BGC0001364	-3.0679152	11.309859
BGC0001365	10.9791765	-1.6744363
BGC0001366	11.551159	15.378291
BGC0001367	17.225727	8.599254
BGC0001368	11.720605	-3.3311195
BGC0001369	10.925348	14.443575
BGC0001370	11.932461	-3.5711641
BGC0001371	10.9667425	-1.4078525
BGC0001372	10.010819	-0.657956
BGC0001373	10.161779	12.944635
BGC0001374	3.1056528	1.9967726
BGC0001375	8.556249	6.544232
BGC0001376	10.909617	14.940813
BGC0001377	11.94775	13.240744
BGC0001378	12.776971	13.635613
BGC0001379	11.014504	-2.757175
BGC0001380	0.4994209	2.1526794
BGC0001381	12.376888	14.670279
BGC0001383	12.150331	13.387666
BGC0001384	12.286983	14.852727
BGC0001386	10.248059	13.160361
BGC0001387	2.8656378	2.148375
BGC0001388	-2.3419352	10.370235
BGC0001389	13.041252	-2.5622835
BGC0001390	12.34379	12.424905
BGC0001391	-3.9595673	11.474534
BGC0001392	-2.4224381	11.367808
BGC0001393	12.284528	-2.8713725
BGC0001394	17.337385	7.9954863
BGC0001395	2.3682523	1.3950483
BGC0001396	13.307761	12.137041
BGC0001397	16.886797	9.672168
BGC0001398	-3.374745	11.979532
BGC0001399	12.9006815	-2.2895174
BGC0001400	13.247543	10.89957
BGC0001402	10.435723	-1.4662216
BGC0001403	12.556582	12.022954
BGC0001404	11.954696	13.296087
BGC0001405	9.893521	12.805159
BGC0001406	11.398705	-3.3425946
BGC0001407	-2.9230945	11.787139
BGC0001408	3.2426717	3.027939
BGC0001409	12.825998	14.86022
BGC0001410	-0.6584035	1.5402778
BGC0001411	0.41448715	1.8410225
BGC0001412	-0.06935375	2.0214207
BGC0001413	13.702262	-2.8968444
BGC0001414	11.551467	-3.7838469
BGC0001415	12.93532	-3.1268554
BGC0001416	13.251041	-2.4927225
BGC0001417	17.393534	7.3956604
BGC0001418	17.26545	7.434101
BGC0001419	17.463438	7.5646114
BGC0001420	17.309431	7.5734468
BGC0001421	17.262247	7.274771
BGC0001422	17.16492	7.6448426
BGC0001423	17.235481	7.522536
BGC0001424	17.332304	7.406227
BGC0001425	17.340689	7.7861567
BGC0001426	17.204676	7.755129
BGC0001427	17.2572	7.694426
BGC0001428	17.224335	7.6061177
BGC0001429	16.819197	7.584264
BGC0001430	17.304953	7.6626997
BGC0001431	16.920483	7.8756003
BGC0001432	16.973446	8.205252
BGC0001433	13.517483	13.5343275
BGC0001434	13.5047655	-2.6905308
BGC0001435	14.778563	10.256333
BGC0001436	12.579722	10.7153635
BGC0001437	12.336334	-2.2637885
BGC0001438	12.332494	15.863546
BGC0001439	12.539796	15.9752035
BGC0001440	3.1309958	1.9750401
BGC0001441	3.9631016	1.3519734
BGC0001442	13.180109	-3.1651378
BGC0001443	16.894772	9.690765
BGC0001444	3.6965466	1.6787603
BGC0001445	14.860497	10.165635
BGC0001446	10.912071	13.1356
BGC0001447	13.25952	13.580142
BGC0001448	11.86662	-3.698509
BGC0001449	15.094414	9.383408
BGC0001451	12.60198	-2.4404914
BGC0001452	12.427259	15.712114
BGC0001453	3.993741	2.0803602
BGC0001454	3.3299117	0.9023568
BGC0001455	16.94701	8.249423
BGC0001456	8.535335	6.398376
BGC0001457	16.516802	6.7710714
BGC0001458	3.5492532	1.2412933
BGC0001459	10.689332	-3.7665708
BGC0001460	10.695326	-3.7738786
BGC0001461	10.70039	-3.7704382
BGC0001462	10.65862	-3.7929459
BGC0001463	3.341541	2.2272537
BGC0001464	3.2389164	2.2058332
BGC0001465	3.1281898	2.2957935
BGC0001467	17.025665	7.1488667
BGC0001468	3.156298	2.2840252
BGC0001469	12.00999	-2.8492258
BGC0001470	12.451258	13.245025
BGC0001471	-3.995044	11.073083
BGC0001472	-3.5389109	11.441307
BGC0001473	-3.9411848	11.042528
BGC0001474	-3.7617142	10.988639
BGC0001475	8.625951	6.8124795
BGC0001476	4.25974	1.733527
BGC0001477	16.481115	6.8705497
BGC0001478	3.9331787	1.0564758
BGC0001479	12.210649	-2.127885
BGC0001480	2.967389	2.4030685
BGC0001481	8.924919	6.20034
BGC0001483	3.9623787	2.091182
BGC0001484	3.747798	1.6151556
BGC0001485	6.0617886	1.8877743
BGC0001486	-2.1087825	9.716526
BGC0001487	4.0765057	1.3695047
BGC0001488	3.29175	2.468219
BGC0001489	10.985946	14.342682
BGC0001490	4.549132	2.5508857
BGC0001491	13.248386	12.667044
BGC0001492	12.33159	14.794828
BGC0001493	-3.7128446	12.499778
BGC0001494	-2.3405738	11.255291
BGC0001495	13.3224325	12.104428
BGC0001496	-2.3955822	11.516581
BGC0001498	4.31586	1.8061986
BGC0001499	2.8428738	2.1026447
BGC0001500	10.665752	15.27229
BGC0001501	6.24672	2.0399132
BGC0001502	12.481521	-2.436146
BGC0001503	13.401263	14.84843
BGC0001504	12.411347	12.901537
BGC0001505	-2.1611283	9.771133
BGC0001506	-3.419831	12.120851
BGC0001507	-3.7504773	12.488823
BGC0001508	9.609815	12.674149
BGC0001509	13.240798	-2.9277096
BGC0001510	3.6351254	1.1953076
BGC0001511	13.465909	14.753973
BGC0001512	12.797586	14.9162245
BGC0001513	11.670715	15.331189
BGC0001514	2.7492654	1.6906613
BGC0001515	10.270061	-1.0042905
BGC0001516	9.746092	-1.9519397
BGC0001517	10.39991	-1.6385179
BGC0001518	9.886506	-0.65148264
BGC0001519	16.479622	8.1893635
BGC0001520	12.292768	13.58063
BGC0001521	9.745951	-2.039577
BGC0001522	12.458682	15.642132
BGC0001523	12.509566	13.94383
BGC0001524	16.536108	7.349407
BGC0001525	2.6909218	2.0354235
BGC0001526	2.6608257	2.179116
BGC0001527	10.291921	-1.4753362
BGC0001528	8.143004	6.374359
BGC0001529	5.4124794	1.9858737
BGC0001531	3.3116002	2.2323773
BGC0001532	11.915409	-2.5100377
BGC0001533	12.42956	13.906373
BGC0001534	2.550846	2.2037349
BGC0001535	3.9626305	2.8293478
BGC0001536	11.968945	-2.410013
BGC0001537	12.365895	13.9935875
BGC0001539	-3.5505962	12.354931
BGC0001540	4.5644345	2.6343582
BGC0001541	10.852494	13.138581
BGC0001542	12.330734	13.12223
BGC0001543	14.646944	11.103899
BGC0001544	13.487326	11.455888
BGC0001545	11.068526	-1.7639321
BGC0001547	8.230341	5.721457
BGC0001548	-3.5301173	12.048774
BGC0001549	-3.5699813	12.402269
BGC0001550	-3.248737	11.882421
BGC0001551	-3.463949	12.036153
BGC0001552	-1.6693368	9.668544
BGC0001553	14.351372	11.683055
BGC0001554	2.8118248	2.3549573
BGC0001555	-1.4033444	8.704291
BGC0001556	14.428639	10.696262
BGC0001558	12.1156025	16.00587
BGC0001559	-1.1896669	8.31057
BGC0001560	11.949241	-2.7541032
BGC0001561	12.671508	-3.4879966
BGC0001562	12.64512	-3.4513566
BGC0001563	14.906717	9.978762
BGC0001564	15.641445	9.374936
BGC0001565	15.133332	9.16826
BGC0001566	13.866977	11.560087
BGC0001567	12.283452	-3.5421169
BGC0001568	12.130026	15.99068
BGC0001569	12.3686695	-3.2411957
BGC0001570	12.637864	-2.7298207
BGC0001571	8.300631	5.8340683
BGC0001572	3.7662678	2.4194648
BGC0001573	9.869918	-0.6495838
BGC0001574	12.418216	-3.0701418
BGC0001575	11.022967	-2.458336
BGC0001576	-1.6623399	9.646062
BGC0001577	-2.166218	9.739139
BGC0001578	10.422425	12.656273
BGC0001579	-1.6604084	9.412197
BGC0001580	12.757431	13.547012
BGC0001582	10.967495	-2.8322208
BGC0001583	11.720301	13.09552
BGC0001584	17.024227	9.8430605
BGC0001585	6.2522616	1.8626493
BGC0001586	0.29813826	1.8197453
BGC0001587	3.4460151	1.3511958
BGC0001588	0.13285033	2.0297894
BGC0001589	0.7331385	1.8120868
BGC0001590	11.0020075	14.979508
BGC0001591	3.4545982	3.0032969
BGC0001592	4.046025	1.7448744
BGC0001593	11.938003	-2.5463364
BGC0001594	6.19023	1.9094852
BGC0001595	6.2596645	2.0209498
BGC0001596	11.545434	15.413834
BGC0001597	13.430223	14.474582
BGC0001598	13.627866	13.0132675
BGC0001599	11.54209	-2.7287784
BGC0001600	12.466414	10.58761
BGC0001601	-2.4734466	10.931155
BGC0001602	-1.9264389	9.537915
BGC0001603	-0.6389161	1.306189
BGC0001604	8.813738	6.8128185
BGC0001605	9.0419445	6.5086403
BGC0001606	12.259316	13.3968115
BGC0001607	3.7957835	1.5177222
BGC0001608	13.675672	-2.871902
BGC0001609	10.538115	-1.2927175
BGC0001610	3.8055453	1.5247793
BGC0001611	16.90004	9.686809
BGC0001612	6.2710466	2.0230992
BGC0001614	12.256507	-2.3519437
BGC0001615	12.061688	-2.6316798
BGC0001616	9.372811	-1.8579354
BGC0001617	9.37708	12.419503
BGC0001618	-3.6220343	12.152293
BGC0001619	12.387076	14.561187
BGC0001620	16.47618	6.9115825
BGC0001621	10.4537945	-1.738802
BGC0001622	10.153601	13.091707
BGC0001623	14.021441	-2.915253
BGC0001624	3.759044	1.311756
BGC0001625	11.9666605	12.480662
BGC0001626	11.767686	13.131544
BGC0001627	10.587497	-2.3820562
BGC0001628	12.09475	-3.4357905
BGC0001629	13.1332855	-3.2329223
BGC0001630	13.653243	-3.2046711
BGC0001631	12.126051	-2.2140584
BGC0001632	-2.3571386	11.275589
BGC0001633	2.648188	1.8769846
BGC0001634	-3.4258823	12.048557
BGC0001635	14.020685	-2.9481797
BGC0001636	11.760917	-2.0120778
BGC0001637	11.434681	-2.8669727
BGC0001638	-1.4085644	8.939784
BGC0001639	-1.6761385	9.770768
BGC0001640	-3.9904816	11.087491
BGC0001641	11.662347	-2.3006573
BGC0001642	9.118244	6.057855
BGC0001644	11.705306	13.929669
BGC0001645	-3.6927586	12.47747
BGC0001646	16.945501	7.9524035
BGC0001647	14.399955	10.880446
BGC0001648	13.499996	13.60956
BGC0001649	13.274331	13.8243
BGC0001650	13.655017	-2.7996595
BGC0001651	3.177274	1.531128
BGC0001652	12.557802	-2.530844
BGC0001653	12.548882	13.350548
BGC0001654	-0.4204802	1.5214425
BGC0001655	-2.4193437	10.874652
BGC0001656	12.945393	13.167102
BGC0001657	13.431672	-3.4205189
BGC0001658	13.409742	13.622419
BGC0001659	8.081602	5.8766785
BGC0001660	-2.83673	11.612248
BGC0001661	11.677656	15.358604
BGC0001662	12.902089	13.637344
BGC0001663	12.413936	10.648747
BGC0001664	8.110465	6.2497063
BGC0001665	12.695764	13.225834
BGC0001666	11.467109	13.884721
BGC0001667	16.472132	6.7612934
BGC0001668	9.741266	-1.7291304
BGC0001669	-3.339907	12.25246
BGC0001670	11.325485	13.192374
BGC0001671	11.896421	-2.683685
BGC0001672	11.378384	-2.8356493
BGC0001674	-3.7906158	12.318185
BGC0001675	12.475794	15.858158
BGC0001677	10.025272	12.830366
BGC0001678	3.9520001	1.4735245
BGC0001679	10.295999	-0.9824773
BGC0001680	3.0245228	2.2979157
BGC0001681	2.8453505	2.7584367
BGC0001682	2.858506	2.4583983
BGC0001683	2.8512037	2.1812632
BGC0001684	2.5241103	2.550463
BGC0001685	2.9759934	3.272187
BGC0001686	11.969599	-2.5239344
BGC0001687	2.5561583	2.2581646
BGC0001690	14.238875	11.908268
BGC0001692	13.064385	-2.711128
BGC0001693	12.1283455	15.140543
BGC0001694	13.136459	12.292904
BGC0001695	16.556797	7.046757
BGC0001696	-1.6656858	9.873955
BGC0001699	11.23744	-1.8031908
BGC0001700	12.544399	13.309642
BGC0001701	-2.7171836	11.314608
BGC0001702	16.970755	9.760626
BGC0001703	3.84244	0.79383844
BGC0001704	3.954407	0.80148256
BGC0001705	16.50196	6.724737
BGC0001706	8.504083	6.0699162
BGC0001707	-4.066084	11.124078
BGC0001708	9.445769	12.456836
BGC0001709	13.257671	13.838694
BGC0001711	17.099865	7.581953
BGC0001712	9.894914	-0.76147074
BGC0001713	3.5319915	2.6023822
BGC0001715	13.396353	-2.636618
BGC0001716	12.348844	-2.1772218
BGC0001717	10.316483	-1.431116
BGC0001718	10.324255	-1.11471
BGC0001719	13.4494295	14.550619
BGC0001720	10.942052	14.500567
BGC0001721	13.022044	-2.4738152
BGC0001722	9.708228	12.547599
BGC0001723	11.087952	15.469265
BGC0001724	13.071457	10.390054
BGC0001725	3.3012	2.816249
BGC0001726	14.527011	10.1243305
BGC0001727	-3.767191	12.069543
BGC0001728	16.844164	8.859391
BGC0001729	9.644551	12.583077
BGC0001730	11.072149	15.2082405
BGC0001731	3.6769695	1.8670328
BGC0001732	3.4711454	1.8115956
BGC0001733	-1.215131	8.350792
BGC0001735	2.57412	1.959009
BGC0001736	10.180721	-2.2357738
BGC0001737	17.445518	7.719038
BGC0001738	14.596258	10.454571
BGC0001739	3.9875689	1.5671073
BGC0001740	16.335793	6.8942046
BGC0001741	14.33228	10.0349
BGC0001742	11.821499	13.9675865
BGC0001743	-1.5315732	9.638211
BGC0001745	-1.9620353	9.47655
BGC0001746	8.4777565	5.4494395
BGC0001747	3.4468915	3.0576255
BGC0001748	16.57576	6.7085195
BGC0001749	12.356488	12.4821825
BGC0001750	16.643867	9.287343
BGC0001751	15.3767	9.816515
BGC0001752	11.91032	-3.861849
BGC0001753	-3.9979517	11.06268
BGC0001755	13.389707	13.27028
BGC0001756	9.101659	6.063137
BGC0001757	3.8636231	1.702878
BGC0001758	12.1654005	-2.869228
BGC0001759	11.495263	14.07932
BGC0001760	13.495785	-3.4398043
BGC0001761	13.394174	11.94808
BGC0001762	13.398331	14.42834
BGC0001763	16.609444	7.1557946
BGC0001764	11.108364	-1.8246217
BGC0001765	0.053532884	2.059051
BGC0001767	11.635394	-3.6888027
BGC0001768	10.34653	-1.4822788
BGC0001769	12.41346	15.883038
BGC0001770	13.789928	12.790939
BGC0001771	10.977656	-2.9538019
BGC0001772	13.192142	10.7103
BGC0001773	13.224697	14.73386
BGC0001774	3.735318	2.7125108
BGC0001775	8.750901	6.7354326
BGC0001776	8.163589	5.8109612
BGC0001777	8.595503	6.0880084
BGC0001778	4.0632024	1.8588834
BGC0001779	-3.264445	11.976187
BGC0001780	14.746298	9.810275
BGC0001781	-3.2216697	11.9159
BGC0001782	4.24464	1.6209601
BGC0001783	3.9263346	2.6494143
BGC0001784	12.855468	13.722384
BGC0001785	13.328929	12.579735
BGC0001786	-3.3466175	11.895507
BGC0001787	-2.9688277	11.2295065
BGC0001788	-2.9798675	11.737668
BGC0001789	-3.827876	11.687632
BGC0001790	11.987466	-3.3206692
BGC0001791	11.877154	-2.5550656
BGC0001792	12.799971	-3.498934
BGC0001793	15.731111	9.204547
BGC0001794	15.770075	8.912698
BGC0001795	12.838471	13.0296135
BGC0001796	12.050083	-2.5238378
BGC0001797	-1.7562364	9.930304
BGC0001799	6.2235126	1.7059243
BGC0001800	17.095295	7.5680604
BGC0001801	11.929336	-3.8513863
BGC0001802	-1.556593	9.205754
BGC0001806	13.066354	-3.1401331
BGC0001807	16.964178	9.750623
BGC0001808	4.058847	1.4034548
BGC0001809	3.2552874	2.0410054
BGC0001810	11.011058	15.4642935
BGC0001811	8.496392	6.7399135
BGC0001812	12.259824	15.052932
BGC0001813	11.78654	-2.7525764
BGC0001814	13.078037	-3.1245313
BGC0001816	16.75852	7.923161
BGC0001817	2.710974	1.2637798
BGC0001818	11.209329	-3.0207226
BGC0001819	14.407573	11.661816
BGC0001820	10.477689	-1.5955837
BGC0001822	13.125919	-2.7292871
BGC0001823	16.222425	7.1446996
BGC0001824	12.088081	-2.7883086
BGC0001825	11.3904915	-2.8013914
BGC0001826	12.698726	-3.1998768
BGC0001827	10.283128	13.073444
BGC0001828	12.445873	14.051912
BGC0001829	17.086464	9.135065
BGC0001830	12.128059	14.964811
BGC0001831	11.407691	15.324492
BGC0001833	12.70478	-2.7861104
BGC0001834	11.8979845	-2.6884348
BGC0001835	13.048926	13.117958
BGC0001836	12.880863	13.054069
BGC0001837	11.929661	13.58665
BGC0001838	12.409007	-2.5118432
BGC0001839	9.106617	6.035464
BGC0001840	13.322108	-3.0301793
BGC0001841	13.556177	-3.427729
BGC0001842	13.104691	-3.263298
BGC0001843	12.065525	-3.6180744
BGC0001844	12.131837	-2.321422
BGC0001845	16.893555	7.949972
BGC0001846	10.550481	-3.44866
BGC0001847	2.811276	2.2903264
BGC0001848	3.415147	1.7991625
BGC0001849	-2.5656273	10.974716
BGC0001850	3.779235	1.8259629
BGC0001851	12.615671	16.102488
BGC0001852	12.575856	16.074032
BGC0001853	16.913849	9.73052
BGC0001854	10.97026	13.597398
BGC0001856	13.502706	14.749908
BGC0001857	13.651268	10.339003
BGC0001858	12.41901	10.5835705
BGC0001859	3.3985257	2.3773346
BGC0001860	-3.9618485	11.103151
BGC0001861	-3.903413	11.643682
BGC0001862	-2.3323755	11.547206
BGC0001863	-2.3815627	10.3308525
BGC0001864	-2.368769	11.580779
BGC0001865	12.2587385	12.933615
BGC0001866	12.487833	11.741672
BGC0001867	-2.7698941	10.6513605
BGC0001868	4.2647023	1.8163284
BGC0001869	3.8922706	1.2920945
BGC0001870	3.4063718	2.2023702
BGC0001872	13.3226	13.57649
BGC0001873	11.305785	-2.3764577
BGC0001874	13.808187	10.881655
BGC0001875	13.3873825	12.680337
BGC0001876	11.637106	-2.8576
BGC0001877	13.1804285	14.204751
BGC0001878	13.414122	-3.383721
BGC0001879	3.8380363	2.407142
BGC0001880	-2.0421863	9.650187
BGC0001881	13.940373	10.188955
BGC0001882	3.4937012	0.8544601
BGC0001884	15.343841	9.210721
BGC0001885	17.117678	8.738869
BGC0001886	10.429632	13.171519
BGC0001887	-1.5293503	9.335318
BGC0001888	3.4284823	2.1744945
BGC0001889	-3.6448157	12.439938
BGC0001890	11.432745	-1.839349
BGC0001891	2.8297212	2.628765
BGC0001892	12.531061	10.440433
BGC0001893	8.278696	5.7067184
BGC0001894	-0.44828758	1.503149
BGC0001895	11.431993	15.354298
BGC0001896	2.9460955	1.3464522
BGC0001897	14.269791	11.430698
BGC0001899	9.98565	12.476963
BGC0001902	17.459995	7.6119714
BGC0001903	3.4895668	1.0200136
BGC0001904	10.983365	15.127577
BGC0001905	1.9066124	1.5827149
BGC0001906	10.986235	13.723632
BGC0001907	14.217798	11.73252
BGC0001909	14.074852	12.514834
BGC0001910	8.399236	6.5286136
BGC0001911	8.355289	6.46073
BGC0001913	12.227789	12.601282
BGC0001917	13.120786	13.742158
BGC0001918	16.535892	6.740055
BGC0001919	16.995335	8.767103
BGC0001920	-3.755393	12.454989
BGC0001922	13.396833	14.718602
BGC0001923	9.6412945	12.59467
BGC0001924	8.63267	6.240302
BGC0001925	5.8050323	1.870877
BGC0001926	12.396649	10.561653
BGC0001927	13.637733	13.588028
BGC0001928	3.5258768	2.152244
BGC0001929	-1.4739447	9.35417
BGC0001931	12.310287	14.966076
BGC0001934	14.033326	12.6302805
BGC0001937	4.151354	1.6044791
BGC0001938	11.192037	14.050641
BGC0001940	16.591007	9.289019
BGC0001941	17.269787	8.100792
BGC0001942	16.593897	6.864221
BGC0001944	13.625951	13.45978
BGC0001945	11.856388	-3.5874662
BGC0001947	-0.045301594	1.7814801
BGC0001948	4.3995576	2.6746519
BGC0001949	4.4928727	2.5905375
BGC0001950	16.374718	6.8368325
BGC0001951	16.354773	6.854377
BGC0001952	16.300215	7.4647202
BGC0001953	16.338034	6.966527
BGC0001954	12.911763	10.566072
BGC0001955	11.246306	-3.7679298
BGC0001956	14.397976	11.6739
BGC0001957	17.02174	9.825519
BGC0001959	4.3406744	1.8024616
BGC0001960	10.998927	15.317724
BGC0001962	11.272774	13.912883
BGC0001963	16.97469	9.848398
BGC0001964	10.916691	15.261566
BGC0001965	3.184855	0.84526
BGC0001966	16.26766	7.4974575
BGC0001967	13.555318	-3.2128654
BGC0001968	11.868339	-3.850071
BGC0001969	8.132999	6.294782
BGC0001970	16.236246	7.3173985
BGC0001971	16.246595	7.11666
BGC0001972	3.798633	2.3123522
BGC0001974	3.137937	2.3158216
BGC0001975	13.805884	-3.184022
BGC0001976	9.424539	12.432758
BGC0001979	12.057697	15.207433
BGC0001980	13.439349	-2.7646058
BGC0001983	3.89822	1.9751503
BGC0001984	12.224652	-3.1149666
BGC0001985	3.9434893	1.293108
BGC0001986	4.258697	2.618881
BGC0001987	11.852048	13.56667
BGC0001988	10.062596	12.895691
BGC0001989	3.9414446	0.9176558
BGC0001990	4.509097	2.4561357
BGC0001991	12.630316	13.042227
BGC0001992	3.5846806	2.8746066
BGC0001994	4.017044	1.2120456
BGC0001995	8.1693325	6.3516345
BGC0001996	3.8519573	2.293307
BGC0001997	8.137974	6.2192354
BGC0001998	13.108536	10.98857
BGC0001999	13.555776	-2.8190382
BGC0002000	11.250887	15.284284
BGC0002001	17.075054	7.3735237
BGC0002002	10.38925	-2.3764753
BGC0002004	-1.1589078	8.277524
BGC0002005	-1.3888512	8.827707
BGC0002006	-3.6689484	11.569073
BGC0002007	9.099364	6.7268996
BGC0002008	3.4836018	0.9394637
BGC0002009	12.817073	14.927663
BGC0002010	13.925046	11.934257
BGC0002011	11.511181	13.93864
BGC0002012	11.051383	15.14504
BGC0002013	-2.1937869	10.552039
BGC0002014	14.050786	-2.9311934
BGC0002015	-3.7879105	12.21072
BGC0002016	11.487442	15.338361
BGC0002017	12.577502	-3.7017963
BGC0002018	3.3769622	1.8854434
BGC0002019	8.971792	6.6715503
BGC0002020	10.54466	-3.6747575
BGC0002021	12.192824	15.093911
BGC0002022	13.95247	12.675777
BGC0002024	12.77019	13.685414
BGC0002025	13.405981	11.232129
BGC0002026	14.152028	10.610984
BGC0002028	12.138159	15.889078
BGC0002031	6.008716	1.9315792
BGC0002032	12.906457	12.722694
BGC0002033	12.516495	14.456706
BGC0002034	3.382268	1.4234315
BGC0002035	14.782752	9.649271
BGC0002036	3.9319034	1.6821785
BGC0002037	13.626007	-3.4065082
BGC0002038	11.954669	14.250846
BGC0002039	3.4911115	1.6065631
BGC0002040	3.0992725	1.6070524
BGC0002042	11.670777	-2.75032
BGC0002043	-1.3902907	9.245622
BGC0002044	13.399673	-3.3725545
BGC0002045	11.094515	15.3980255
BGC0002046	14.784131	10.822549
BGC0002047	11.021327	15.168971
BGC0002048	12.928928	-2.42505
BGC0002049	-1.5348288	9.410223
BGC0002050	16.939651	8.23029
BGC0002051	13.585345	-2.7462502
BGC0002052	2.5696552	2.0365617
BGC0002053	-3.755307	12.469488
BGC0002054	17.016161	9.673472
BGC0002055	14.698374	10.588591
BGC0002056	15.0230055	9.477653
BGC0002058	16.198715	6.8637586
BGC0002059	16.836227	8.157088
BGC0002060	13.138995	13.007287
BGC0002061	16.28714	6.9281754
BGC0002062	12.167386	13.36708
BGC0002063	10.04067	12.874493
BGC0002064	-3.136362	11.81118
BGC0002066	14.888259	10.065835
BGC0002067	14.835785	10.212542
BGC0002068	14.956541	9.487538
BGC0002069	2.7887914	1.7286379
BGC0002070	11.554655	15.382174
BGC0002071	13.21722	-2.9979453
BGC0002072	13.170791	13.651326
BGC0002073	3.5961685	2.468547
BGC0002074	-3.7481816	12.454745
BGC0002075	13.419684	-2.8436172
BGC0002076	3.633948	2.620131
BGC0002078	12.6811695	-3.6152887
BGC0002079	12.500899	-3.5961857
BGC0002080	3.7515316	2.2867186
BGC0002081	10.85673	15.146752
BGC0002082	14.976404	10.095777
BGC0002083	13.396357	11.747589
BGC0002084	-1.1867944	8.311714
BGC0002085	13.30484	14.886957
BGC0002086	12.241322	15.096867
BGC0002087	14.399889	10.954409
BGC0002088	13.327834	14.947612
BGC0002089	11.43059	-3.55748
BGC0002090	17.164728	8.784696
BGC0002091	11.443753	-2.9227972
BGC0002092	12.93976	-2.6988547
BGC0002093	14.677349	9.746207
BGC0002095	12.730162	-2.4906526
BGC0002096	13.97077	12.677057
BGC0002097	17.036425	9.832734
BGC0002098	13.167941	12.903167
BGC0002099	-1.3249544	8.619098
BGC0002100	10.864212	-3.3331342
BGC0002101	13.642621	13.268386
BGC0002102	12.635835	13.580697
BGC0002103	4.6289053	2.6037228
BGC0002104	14.379569	10.527955
BGC0002105	12.776669	13.549646
BGC0002106	13.272228	13.730302
BGC0002107	16.698208	9.058314
BGC0002108	12.890104	-2.4441533
BGC0002109	12.104717	-3.0030782
BGC0002110	-3.8295052	11.629892
BGC0002111	-2.4997194	11.400439
BGC0002114	17.184536	8.90508
BGC0002115	-1.4891009	8.916686
BGC0002116	-1.6207813	9.180588
BGC0002117	12.990766	-2.8158402
BGC0002118	15.337281	9.776795
BGC0002119	14.173943	11.418519
BGC0002120	-2.5684032	10.611198
BGC0002122	12.179254	-2.084517
BGC0002123	11.813586	-2.3263144
BGC0002124	13.194375	11.97929
BGC0002125	13.482635	-3.044312
BGC0002126	13.445242	-2.7181602
BGC0002127	10.9564085	13.876545
BGC0002128	4.2652383	1.8170375
BGC0002129	11.011879	15.363477
BGC0002130	-2.4627974	11.649574
BGC0002131	14.421662	11.669618
BGC0002132	3.207927	3.1407871
BGC0002133	-2.013508	9.746195
BGC0002134	3.234169	1.9839435
BGC0002135	12.246826	-2.0347133
BGC0002137	11.135148	15.198874
BGC0002138	14.318763	11.738061
BGC0002139	13.179345	10.540529
BGC0002140	11.978786	15.875474
BGC0002141	13.156462	14.94935
BGC0002142	12.273298	14.227685
BGC0002143	10.800093	15.336742
BGC0002144	-2.3969326	10.722109
BGC0002146	10.352956	-1.1359788
BGC0002147	12.251579	-3.0917397
BGC0002148	3.341065	1.9190739
BGC0002149	10.020957	-0.7022698
BGC0002150	-2.1275215	9.815017
BGC0002151	-2.1614408	9.739479
BGC0002152	3.4533796	2.9065595
BGC0002153	11.025016	13.690158
BGC0002154	11.704379	13.034521
BGC0002155	11.387467	13.043899
BGC0002157	10.330941	-1.3660713
BGC0002158	12.203787	-2.0430596
BGC0002160	10.335572	-1.4882417
BGC0002161	11.542106	13.051059
BGC0002162	8.11302	6.305287
BGC0002163	2.8191764	2.2377698
BGC0002164	10.359294	-1.4794053
BGC0002165	12.644134	10.401214
BGC0002166	10.388258	-1.510135
BGC0002167	11.528538	-1.9881974
BGC0002168	12.405425	10.584529
BGC0002169	15.206405	9.320732
BGC0002170	12.479211	10.691321
BGC0002171	15.760289	9.032789
BGC0002172	10.171821	-0.94799656
BGC0002173	9.074805	6.7180343
BGC0002174	13.415658	-3.502207
BGC0002175	11.340025	13.006627
BGC0002176	8.517033	5.5137873
BGC0002177	10.036934	12.878989
BGC0002178	10.517183	-1.072599
BGC0002180	12.411816	10.5733595
BGC0002181	9.054174	6.718266
BGC0002185	13.592457	10.420699
BGC0002186	14.440293	10.069364
BGC0002187	9.7751665	12.695574
BGC0002188	15.350933	9.0176115
BGC0002190	10.928083	14.410229
BGC0002191	13.937204	12.566542
BGC0002192	13.371369	11.077098
BGC0002193	3.9747925	0.95109135
BGC0002194	13.213396	10.51662
BGC0002195	3.5162716	2.4505613
BGC0002196	12.526645	11.649236
BGC0002197	13.408628	10.333409
BGC0002198	9.888045	-0.9376692
BGC0002199	10.236826	-1.0229284
BGC0002203	15.686531	8.47708
BGC0002204	14.931757	9.813629
BGC0002205	14.138732	10.0993805
BGC0002206	10.039066	12.959523
BGC0002207	4.514854	2.677523
BGC0002208	10.365978	-1.0208232
BGC0002209	12.787818	11.03738
BGC0002210	13.198136	10.364848
BGC0002211	12.432186	10.602087
BGC0002212	12.785849	12.546991
BGC0002213	12.417846	10.610052
BGC0002214	12.496116	10.5480795
BGC0002215	10.250348	12.445143
BGC0002216	8.243365	5.6621428
BGC0002217	8.583703	6.7049737
BGC0002218	8.405727	6.1802225
BGC0002219	8.685704	6.4673986
BGC0002220	8.708044	6.8890877
BGC0002221	8.709121	6.84081
BGC0002222	10.957758	14.527721
BGC0002223	10.825979	13.114407
BGC0002224	12.117169	13.030823
BGC0002225	9.982567	-0.63904107
BGC0002226	10.686705	-2.4632502
BGC0002227	14.660189	10.481333
BGC0002228	12.6645155	10.369577
BGC0002229	12.497799	11.475725
BGC0002230	14.82443	9.629476
BGC0002232	9.902535	-0.66082585
BGC0002233	12.411795	10.615145
BGC0002234	12.519701	10.482643
BGC0002235	13.333551	10.369908
BGC0002236	12.304623	12.472085
BGC0002237	13.187502	11.951903
BGC0002238	12.677007	11.445983
BGC0002239	14.588221	10.560272
BGC0002240	14.421629	10.760081
BGC0002242	10.334026	-1.0339874
BGC0002244	9.619844	12.556806
BGC0002245	8.690422	6.799236
BGC0002246	8.442503	6.6596236
BGC0002248	10.023619	-0.70100504
BGC0002249	2.3381445	1.4787416
BGC0002250	14.82085	9.649143
BGC0002253	12.1965065	12.526125
BGC0002254	12.579934	10.362806
BGC0002255	12.9274845	11.697543
BGC0002256	10.042325	-0.7740123
BGC0002257	10.8516	12.962188
BGC0002258	13.228039	11.923527
BGC0002259	16.551207	7.655467
BGC0002260	8.510394	6.127645
BGC0002261	12.324224	11.985577
BGC0002262	13.623321	13.520049
BGC0002264	9.900957	-0.70065385
BGC0002266	12.411468	10.590292
BGC0002267	12.040317	13.04258
BGC0002268	14.930146	9.893097
BGC0002270	15.754502	8.718732
BGC0002271	9.571691	-2.0239573
BGC0002272	10.74223	-1.612234
BGC0002273	10.317533	-0.95151883
BGC0002274	9.8170185	-1.9255266
BGC0002275	15.480134	9.078657
BGC0002276	11.424442	-2.1592824
BGC0002277	11.168913	-2.0780365
BGC0002278	9.919108	-0.73287153
BGC0002282	3.5595775	1.2300428
BGC0002283	4.5074024	2.634811
BGC0002284	3.47355	3.000975
BGC0002285	-1.5416311	9.085489
BGC0002286	12.381971	-2.415511
BGC0002287	16.134588	6.8966184
BGC0002288	11.043506	-1.9595139
BGC0002289	-2.961849	11.302968
BGC0002290	4.559068	2.6194305
BGC0002291	13.3977785	14.352545
BGC0002293	11.24995	-3.728533
BGC0002294	3.8992925	2.1159763
BGC0002295	11.251986	-3.7468755
BGC0002296	16.38909	6.8166323
BGC0002297	16.488487	6.7366853
BGC0002298	-3.5883117	12.412822
BGC0002300	12.328575	-3.3828325
BGC0002301	11.192991	13.135211
BGC0002302	0.0053446386	1.3432312
BGC0002303	-3.2088447	11.31472
BGC0002304	13.502221	10.297777
BGC0002305	3.8119442	1.3725692
BGC0002306	-2.3136525	11.371365
BGC0002307	-3.7516172	12.442111
BGC0002308	14.200349	11.761672
BGC0002309	8.476565	6.002903
BGC0002311	-1.3610951	8.5261545
BGC0002312	-2.3302844	11.047051
BGC0002313	3.7897282	2.0875483
BGC0002314	11.808201	-2.9628186
BGC0002315	12.078778	15.931927
BGC0002316	-3.7288876	12.373147
BGC0002317	-1.5269083	8.980976
BGC0002318	-3.4893208	12.296087
BGC0002319	-1.920379	9.448418
BGC0002320	8.650098	6.8415117
BGC0002321	3.867098	0.87438804
BGC0002322	-1.2816204	8.423066
BGC0002323	-3.7698112	11.880746
BGC0002324	13.399581	-3.4086368
BGC0002325	-1.6920546	9.139342
BGC0002326	12.980808	-3.0553365
BGC0002327	13.760985	-2.8215756
BGC0002328	-1.6156293	9.249347
BGC0002329	12.738179	-3.5529559
BGC0002330	-2.1295347	9.790641
BGC0002331	3.34194	2.8830972
BGC0002332	11.191212	13.967859
BGC0002333	12.8769865	14.055609
BGC0002334	3.0734231	3.2496865
BGC0002336	13.650821	-2.8020124
BGC0002337	-1.6179827	9.906959
BGC0002338	13.449386	11.001784
BGC0002339	9.054374	6.5793533
BGC0002340	12.15344	-3.743522
BGC0002341	2.518408	2.395972
BGC0002342	15.034705	10.183672
BGC0002343	-2.1622486	9.7231655
BGC0002344	11.343925	-3.8454273
BGC0002345	3.2065773	2.9066153
BGC0002346	-3.5523064	12.392412
BGC0002347	6.116747	1.7530962
BGC0002348	11.27003	-1.7570316
BGC0002349	13.097099	14.820392
BGC0002350	17.175663	9.311729
BGC0002351	12.931703	-3.3414369
BGC0002352	9.78028	-1.7960446
BGC0002353	-3.4129126	11.014694
BGC0002354	-1.3720607	8.781738
BGC0002355	12.9077635	14.131266
BGC0002356	12.859628	13.555069
BGC0002357	13.609005	13.33788
BGC0002358	10.648371	-3.814474
BGC0002359	11.69368	-3.4635105
BGC0002360	12.623537	-3.6117735
BGC0002361	12.583619	16.051348
BGC0002362	13.381251	14.312384
BGC0002363	-3.8084836	11.041857
BGC0002364	11.503737	13.838552
BGC0002365	14.595025	10.578601
BGC0002366	11.017132	14.659593
BGC0002367	11.209426	-1.8170168
BGC0002369	11.699307	15.272157
BGC0002370	12.360259	-3.6124122
BGC0002372	9.44005	12.430713
BGC0002373	12.679181	-2.368944
BGC0002374	13.331413	12.113668
BGC0002376	12.875714	14.094383
BGC0002377	12.377432	-3.0056052
BGC0002378	12.41626	-3.0165353
BGC0002379	13.538745	-3.1081502
BGC0002380	-2.4073322	10.542815
BGC0002381	13.477856	13.599381
BGC0002382	-3.197213	11.248442
BGC0002383	12.404703	15.7490835
BGC0002384	12.947772	-3.0344281
BGC0002385	12.394321	13.079485
BGC0002386	13.779728	-2.9493074
BGC0002387	12.507213	13.943979
BGC0002389	9.1003065	5.967916
BGC0002390	8.434005	5.6664395
BGC0002391	8.3439245	5.5013556
BGC0002392	8.574443	6.177721
BGC0002393	8.135516	6.424945
BGC0002394	8.334505	6.568012
BGC0002395	9.049389	6.650562
BGC0002396	8.049097	5.913595
BGC0002397	8.963139	6.1821785
BGC0002398	9.085827	6.1146126
BGC0002399	9.162067	6.1041055
BGC0002400	9.11741	6.13438
BGC0002401	9.049816	6.1162686
BGC0002402	9.105587	6.721655
BGC0002403	9.866322	12.781171
BGC0002404	3.1802304	1.9115902
BGC0002405	2.6627183	2.0667882
BGC0002406	4.4087925	2.0309753
BGC0002407	2.6457567	1.5631012
BGC0002408	12.747143	-2.538751
BGC0002409	13.260176	-3.3966932
BGC0002410	13.776424	-2.9271421
BGC0002411	16.406013	6.8062
BGC0002412	12.239231	-2.5306573
BGC0002413	11.404167	-1.8623927
BGC0002414	11.8689165	-2.795005
BGC0002415	11.194011	-2.7335253
BGC0002416	17.283297	7.8049645
BGC0002417	17.455929	7.543975
BGC0002418	16.418139	8.352568
BGC0002419	17.460905	7.7337937
BGC0002420	17.46853	7.473292
BGC0002421	13.036931	-2.4785933
BGC0002422	12.966634	-2.5589242
BGC0002423	3.0960016	2.1804376
BGC0002424	12.896183	-3.5891032
BGC0002425	-3.3399448	11.894174
BGC0002426	9.954021	-0.709146
BGC0002427	9.516424	12.512996
BGC0002428	8.435446	5.431494
BGC0002429	9.495144	12.501777
BGC0002430	11.36524	-3.8650417
BGC0002431	12.459902	14.530878
BGC0002432	11.96793	-2.5814927
BGC0002433	12.811794	-2.5711887
BGC0002434	14.708705	10.432607
BGC0002435	2.5365598	1.7772342
BGC0002436	3.6789715	2.6188154
BGC0002437	12.039048	-2.8031757
BGC0002438	10.221913	-0.9737339
BGC0002439	3.9150326	2.1645937
BGC0002440	12.353566	-3.043283
BGC0002441	16.09705	7.0106335
BGC0002442	-1.5980262	9.553619
BGC0002443	2.4159021	1.5613991
BGC0002444	9.118709	5.9415545
BGC0002445	8.28305	5.6366878
BGC0002446	13.229918	13.166777
BGC0002447	-1.5552503	9.490865
BGC0002448	12.719449	-3.585304
BGC0002449	4.5995674	2.5498183
BGC0002450	0.4945885	1.5008031
BGC0002451	16.865044	8.736646
BGC0002452	12.528926	13.99817
BGC0002453	13.594489	12.219807
BGC0002454	14.009853	12.642886
BGC0002455	14.203954	11.116227
BGC0002456	17.185772	8.983438
BGC0002457	9.602016	-2.0141034
BGC0002458	9.684878	-1.7171391
BGC0002460	6.153218	1.7532173
BGC0002461	12.436732	15.873402
BGC0002462	0.8073111	1.8515426
BGC0002464	4.317217	1.7654828
BGC0002465	11.707483	-2.8292599
BGC0002466	11.36155	-3.1537507
BGC0002467	11.965222	-3.5345857
BGC0002468	11.437746	-2.4742365
BGC0002469	3.7706273	1.4110093
BGC0002470	3.3189487	2.1764185
BGC0002471	3.4641235	1.9121066
BGC0002472	12.983501	-3.0165656
BGC0002473	11.170175	-2.5325532
BGC0002474	11.650482	-2.568943
BGC0002475	12.714769	-3.2970965
BGC0002476	9.418815	-1.8907198
BGC0002477	11.150718	15.44785
BGC0002478	11.440333	15.434804
BGC0002479	14.8237	10.810947
BGC0002480	15.785028	8.114079
BGC0002482	5.589206	2.0618336
BGC0002483	10.156406	12.955882
BGC0002484	16.715706	6.775091
BGC0002485	-2.2620733	9.8264
BGC0002486	-3.8156972	11.632336
BGC0002487	2.420178	2.5551345
BGC0002488	2.290591	2.472815
BGC0002489	3.3219862	2.2690048
BGC0002490	3.22733	2.83029
BGC0002491	11.250154	-2.8390403
BGC0002492	12.2733135	-2.7736673
BGC0002493	11.496545	-2.5462995
BGC0002494	11.308071	-2.448157
BGC0002495	12.159319	-2.0250819
BGC0002496	3.286732	2.792549
BGC0002497	13.235781	13.194998
BGC0002498	13.611267	13.577605
BGC0002499	3.7185965	1.0795894
BGC0002500	11.566812	13.410371
BGC0002501	10.024743	-0.708924
BGC0002502	13.440453	11.4600525
BGC0002503	13.611273	-3.259078
BGC0002504	10.686696	15.272422
BGC0002505	14.495197	10.242354
BGC0002506	11.476019	15.336653
BGC0002507	12.469643	12.768351
BGC0002508	2.3694994	1.6124799
BGC0002509	14.736732	10.355221
BGC0002510	13.112733	12.509122
BGC0002512	12.540864	-2.2100933
BGC0002514	11.0968275	15.229851
BGC0002515	13.997682	12.609596
BGC0002517	13.804764	12.790582
BGC0002518	12.348825	-2.3389246
BGC0002520	13.577277	14.643525
BGC0002521	13.397427	-2.8174148
BGC0002522	13.585438	-2.776071
BGC0002523	14.43819	11.608887
BGC0002524	-1.5260062	9.00133
BGC0002525	12.5828495	10.434344
BGC0002526	13.25499	13.860045
BGC0002527	3.6704423	2.6315682
BGC0002528	11.69959	-3.170383
BGC0002529	11.968149	-2.3157105
BGC0002530	3.3810928	2.2130487
BGC0002531	9.729369	-1.7287269
BGC0002532	16.646189	7.662897
BGC0002533	16.342054	7.545002
BGC0002535	12.613275	-3.6688113
BGC0002536	9.50249	-1.839885
BGC0002537	9.5488405	12.500654
BGC0002538	13.613745	12.116869
BGC0002539	13.708332	10.272407
BGC0002540	12.806377	13.692646
BGC0002541	3.0514746	0.8967296
BGC0002542	16.505198	7.645021
BGC0002543	10.823785	-1.3219845
BGC0002544	11.567705	-3.7832887
BGC0002545	12.268409	12.513862
BGC0002546	13.855549	10.228911
BGC0002547	11.437071	13.837236
BGC0002548	13.257434	-2.9233541
BGC0002550	12.392174	14.524512
BGC0002551	-2.2213953	9.786307
BGC0002552	11.106968	14.471768
BGC0002553	2.3847902	1.6560336
BGC0002554	5.5980744	2.0495908
BGC0002555	11.63301	-2.677419
BGC0002556	6.165847	1.7126776
BGC0002557	8.070148	5.9650617
BGC0002558	12.43616	13.495795
BGC0002559	12.987535	14.306281
BGC0002560	-2.4967868	10.677079
BGC0002561	5.498917	1.9976679
BGC0002563	13.314127	-2.9932995
BGC0002564	12.373444	-2.800064
BGC0002565	13.336389	-3.3308687
BGC0002566	3.085155	2.1657495
BGC0002567	4.030386	1.3128166
BGC0002568	4.9099345	2.0702395
BGC0002569	12.004347	-3.0666072
BGC0002570	16.84402	7.595866
BGC0002571	9.713797	-1.7650702
BGC0002572	16.892605	6.889262
BGC0002573	2.5970004	1.8115356
BGC0002575	-1.7578938	9.366672
BGC0002576	-1.4192246	9.300861
BGC0002577	-1.6331714	9.24863
BGC0002578	4.135496	1.6727308
BGC0002579	-2.9659712	11.1786585
BGC0002580	-1.1359892	8.251851
BGC0002581	11.786224	-3.721678
BGC0002582	11.522364	-1.9582806
BGC0002583	-1.4000807	8.779283
BGC0002584	-2.2349484	9.796134
BGC0002585	3.0963717	3.213035
BGC0002586	-2.511538	11.639036
BGC0002587	12.857284	14.82462
BGC0002588	3.623379	1.3589653
BGC0002591	9.42085	12.424999
BGC0002592	12.054513	12.464523
BGC0002594	9.906714	12.802029
BGC0002596	10.828574	13.404593
BGC0002597	14.621582	11.0809355
BGC0002598	15.012018	9.759811
BGC0002602	9.661466	-1.9131513
BGC0002603	9.672702	12.567086
BGC0002604	10.274058	12.753677
BGC0002605	15.107928	9.327535
BGC0002606	15.22279	9.309188
BGC0002607	15.216552	9.338733
BGC0002608	2.8104243	2.4121594
BGC0002609	15.713207	8.010868
BGC0002610	8.100188	6.1934357
BGC0002611	10.429553	-1.344004
BGC0002612	9.424048	12.440274
BGC0002613	16.415215	7.5428905
BGC0002614	10.306058	12.484094
BGC0002615	10.01001	12.811035
BGC0002616	10.301242	12.97058
BGC0002617	10.567808	-1.21219
BGC0002618	8.042612	6.1101
BGC0002619	9.568075	12.544453
BGC0002620	2.8387372	1.77884
BGC0002621	5.5499125	1.9813296
BGC0002622	4.157254	1.4842347
BGC0002623	16.484516	7.619453
BGC0002624	15.445723	9.167667
BGC0002625	16.250624	6.930939
BGC0002626	-1.7015501	9.514717
BGC0002627	-2.326326	10.300756
BGC0002629	-2.0047107	9.493469
BGC0002630	-1.8932557	9.670912
BGC0002631	2.681933	2.26739
BGC0002632	11.970131	-2.5972245
BGC0002633	3.5297022	3.014882
BGC0002634	13.601661	14.624805
BGC0002635	-4.0046988	11.125036
BGC0002636	13.37525	12.61433
BGC0002637	11.8147745	-3.2919688
BGC0002638	13.466364	-3.3447032
BGC0002639	11.047192	-2.785123
BGC0002640	-1.6171381	9.773821
BGC0002641	16.406553	6.782046
BGC0002642	14.306182	11.786347
BGC0002643	5.812286	2.0430784
BGC0002644	5.7191553	2.0975173
BGC0002645	3.807556	2.2690694
BGC0002646	12.890565	11.78217
BGC0002647	3.7257032	2.8894951
BGC0002648	3.2270799	0.8144014
BGC0002649	17.18091	9.130987
BGC0002651	8.621206	6.719037
BGC0002652	0.6508259	1.6864203
BGC0002653	12.684919	-3.1609228
BGC0002654	12.0765915	-3.5655308
BGC0002656	2.4075394	1.5630136
BGC0002657	9.470989	-1.8256676
BGC0002659	-3.261003	11.8477125
BGC0002660	12.11728	-2.2602992
BGC0002661	11.677423	-3.417948
BGC0002662	9.420643	-1.874308
BGC0002663	-2.9673095	11.740735
BGC0002665	-1.2784419	8.436659
BGC0002666	10.8136015	-2.6067548
BGC0002667	-1.5762218	9.365378
BGC0002668	-3.8157887	11.687753
BGC0002669	-3.152489	11.028941
BGC0002670	4.3414445	2.3732023
BGC0002671	12.524499	14.000183
BGC0002672	12.286294	14.813919
BGC0002673	11.962345	13.27784
BGC0002674	-2.8718321	11.502378
BGC0002675	13.246406	13.712664
BGC0002676	13.958425	-3.0429988
BGC0002677	13.59517	13.542161
BGC0002678	13.682077	-2.7890725
BGC0002679	11.6717825	-2.6744707
BGC0002680	11.9133	-2.8911216
BGC0002681	3.1362777	2.3876774
BGC0002682	3.9880834	1.265106
BGC0002683	2.990239	2.2895215
BGC0002685	13.233667	-2.9368024
BGC0002686	12.59262	-3.6657634
BGC0002687	9.544004	-1.890247
BGC0002688	13.027215	-3.1751542
BGC0002689	11.757214	-3.4732776
BGC0002690	3.7421033	1.3086902
BGC0002691	12.079204	-1.9983541
BGC0002692	4.2041583	1.617229
BGC0002693	12.780915	-2.8487523
BGC0002694	3.9481618	1.1870384
BGC0002695	13.260331	-2.5172253
BGC0002696	11.78883	-3.153157
BGC0002697	16.959698	9.335743
BGC0002698	-1.1608961	8.276419
BGC0002699	-1.8830369	9.627884
BGC0002700	-1.2906855	8.515575
BGC0002701	-1.535272	9.698828
BGC0002702	12.600981	-3.738386
BGC0002703	-3.8898256	11.121468
BGC0002704	-3.0528917	10.879792
BGC0002706	13.525278	-3.408041
BGC0002707	9.004896	5.864293
BGC0002708	8.466119	5.501049
BGC0002709	10.536303	13.231642
BGC0002710	10.953736	-2.0817761
BGC0002711	11.281297	13.999363
BGC0002712	11.579615	15.365066
BGC0002713	12.714993	-2.3531525
BGC0002715	16.838636	7.631116
BGC0002716	13.45794	-2.627914
BGC0002718	12.6300535	-3.5306613
BGC0002719	13.235305	-2.992823
BGC0002721	4.6199327	2.6396856
BGC0002722	8.942058	6.5899415
BGC0002723	8.599552	5.5566926
BGC0002724	8.726298	6.513345
BGC0002725	-1.3315474	8.581882
BGC0002726	10.367491	12.63718
BGC0002729	12.360661	12.012766
BGC0002731	12.379297	10.573424
BGC0002732	10.968535	15.023026
BGC0002733	2.5518544	2.4082997
BGC0002734	11.399945	12.889639
BGC0002735	17.064613	8.559535
BGC0002736	8.54028	6.6240983
BGC0002745	13.759572	10.377772
BGC0002746	-1.8243955	9.475282
BGC0002747	-1.5128951	9.336488
BGC0002749	15.428581	9.181765
